date,RiskMetrics,Historical,F_Historical,MonteCarlo,GARCH,EGARCH,GJR_GARCH
2015-10-28,-0.016180445399401017,-0.017367651760000002,-0.012171344874608723,-0.013418751720167061,-0.0135028476579296,-0.012828839208763081,-0.013573861668382977
2015-10-29,-0.015767803085862127,-0.017367651760000002,-0.01201301772016514,-0.013218002058239581,-0.013088311786277326,-0.012570283485636834,-0.013108512829027117
2015-10-30,-0.015847061771427418,-0.017367651760000002,-0.011541935354962184,-0.012705835204351907,-0.012614404601433146,-0.012127410942204434,-0.01267264771904052
2015-11-02,-0.015951694820031115,-0.017367651760000002,-0.011673629249360884,-0.012891360084211906,-0.013203040096244368,-0.01302597436579478,-0.013918757377597235
2015-11-03,-0.015531354983199398,-0.017367651760000002,-0.012517111691304462,-0.013758925997507481,-0.013491116802983427,-0.013631935396846913,-0.01351278714679024
2015-11-04,-0.015063706079198406,-0.017367651760000002,-0.011840405713862832,-0.013037367231506015,-0.012974287388118056,-0.01304293071404507,-0.013062513060937395
2015-11-05,-0.014787918197888971,-0.017367651760000002,-0.011267045246315381,-0.012415615553407075,-0.01242019020574682,-0.012117735675999655,-0.012626475749222543
2015-11-06,-0.014982785611565722,-0.017367651760000002,-0.010989072668282938,-0.012124029172723315,-0.012304240921900987,-0.012248022142580025,-0.012782305083214466
2015-11-09,-0.014567084481624755,-0.017367651760000002,-0.011499771728049932,-0.012697387473449557,-0.013027202352628607,-0.013217227776065031,-0.014129005643515921
2015-11-10,-0.014150608937066786,-0.017367651760000002,-0.011327847297073541,-0.012486244458331429,-0.012583501064548868,-0.012766264773721546,-0.013775600724819684
2015-11-11,-0.013720225726234384,-0.017367651760000002,-0.010996518693369588,-0.012110791734588337,-0.012081343185678254,-0.012050036267708831,-0.013315139136409136
2015-11-12,-0.014880419518387637,-0.017367651760000002,-0.010498751944922695,-0.011570966932460153,-0.01159127673749958,-0.01123261076526482,-0.012873783785747925
2015-11-13,-0.014822063905907505,-0.017367651760000002,-0.012099365165658283,-0.013370442343226385,-0.013850896334122011,-0.013340745063055846,-0.016177828644167294
2015-11-16,-0.015679079031439027,-0.017367651760000002,-0.012671052918247747,-0.01393302665978279,-0.013746082125381337,-0.013553163932876613,-0.015622588711948618
2015-11-17,-0.015226260352474503,-0.017367651760000002,-0.013923215185672565,-0.015284611847218278,-0.014919831674677263,-0.014942537872735133,-0.01516887846275752
2015-11-18,-0.015492678652351767,-0.017367651760000002,-0.012897365483112579,-0.014207109105503738,-0.014323149595992032,-0.014261696261476053,-0.014721409693280228
2015-11-19,-0.015025196769000956,-0.017367651760000002,-0.013549844419544689,-0.014886260311981021,-0.014650435171145205,-0.014920655151972788,-0.014274430513919986
2015-11-20,-0.014723160405897473,-0.017367651760000002,-0.01268197070442703,-0.013957307680441886,-0.014000592208093368,-0.013833378439189433,-0.013790244384169155
2015-11-23,-0.014575819227869704,-0.017367651760000002,-0.012400085489464599,-0.013637514372154953,-0.013563445701301113,-0.013504608332981068,-0.013340939303649567
2015-11-24,-0.01418023130447583,-0.017345218519999997,-0.01203071325664361,-0.013277305157701915,-0.013537243236164603,-0.013761024583084005,-0.013729149434201242
2015-11-25,-0.013755859648254471,-0.017345218519999997,-0.01175556883301328,-0.01295654236920915,-0.01307348305995161,-0.013298059618291622,-0.01342111864159787
2015-11-27,-0.013374646313557302,-0.017345218519999997,-0.011377860194819813,-0.012528408583186658,-0.012522915509217329,-0.012381556180656714,-0.01297719145844618
2015-11-30,-0.013091721835544157,-0.017345218519999997,-0.010977305306056052,-0.012083487675998065,-0.01203386236552657,-0.01174411761923368,-0.012558865397801027
2015-12-01,-0.013558085006868793,-0.017345218519999997,-0.010576919498230059,-0.011664853276508656,-0.011815868750190119,-0.011704236977954037,-0.012520399319504149
2015-12-02,-0.014523483069655209,-0.017345218519999997,-0.01164412220500083,-0.012791289456307342,-0.012504738951987518,-0.012632830026618103,-0.012206099904970446
2015-12-03,-0.01530241050344397,-0.017345218519999997,-0.01244226992852798,-0.013741224862456916,-0.014221148982231199,-0.014345194501630115,-0.015213103803195304
2015-12-04,-0.01622533452233387,-0.017345218519999997,-0.013643951180861416,-0.01505954902174303,-0.015503406318831464,-0.015795488968296183,-0.01737390049771029
2015-12-07,-0.015781614641080247,-0.017305397259999997,-0.015459637200415932,-0.016995660691837132,-0.016579615658169462,-0.01710332655382742,-0.016866066788027437
2015-12-08,-0.015490241506079305,-0.017305397259999997,-0.014301989157851198,-0.015779150587343166,-0.015908831442366843,-0.01636874310171584,-0.01637285851410496
2015-12-09,-0.015078222275342045,-0.017305397259999997,-0.013864590844280695,-0.015309261445844382,-0.015516134542946591,-0.01615299188921208,-0.016244958722964744
2015-12-10,-0.01463020048035461,-0.017305397259999997,-0.013419688601365111,-0.014813294506720205,-0.014936485122952778,-0.015540262474361943,-0.015813050451975435
2015-12-11,-0.014560157966461144,-0.017305397259999997,-0.012947693720180602,-0.01428263167582923,-0.014274885094943022,-0.014478601470836915,-0.015246863337555613
2015-12-14,-0.014326078858477273,-0.017305397259999997,-0.012688591212374343,-0.01402789259602939,-0.014291752301901838,-0.014782931066993833,-0.015602258231904248
2015-12-15,-0.01472495403974685,-0.017305397259999997,-0.012737850498478958,-0.014039746878744909,-0.013895034000799628,-0.01448872717186666,-0.015059333991695453
2015-12-16,-0.01632109150301304,-0.017305397259999997,-0.013319988131405749,-0.014659710611113774,-0.014350349606876195,-0.015198634868271678,-0.014593595433998617
2015-12-17,-0.016269893684998076,-0.017305397259999997,-0.015362223561325154,-0.01688607787642098,-0.016405062889167907,-0.01713391894121141,-0.01425784071549072
2015-12-18,-0.017576197560332848,-0.017305397259999997,-0.014530529074827433,-0.016053818928419502,-0.016379891581010476,-0.017388995201377322,-0.014998924622478755
2015-12-21,-0.01718977580259821,-0.017345218519999997,-0.016069618856666475,-0.017733895899441122,-0.018327367701329304,-0.019291380751588226,-0.018773288531291964
2015-12-22,-0.017285604498538918,-0.017345218519999997,-0.016116766582672575,-0.01771621139138051,-0.017605467219188833,-0.018515251088932656,-0.018063094086809867
2015-12-23,-0.017701480085188813,-0.017345218519999997,-0.016212921518378637,-0.017800759252335714,-0.017528229636174862,-0.018720669288393374,-0.01742884545921408
2015-12-24,-0.0171650518932024,-0.017345218519999997,-0.016608044951927928,-0.018224185813368318,-0.01789132570872333,-0.01935751258129941,-0.016857361041749203
2015-12-28,-0.016643132739165782,-0.017345218519999997,-0.015426989004291222,-0.016969216585891216,-0.01705532439977479,-0.018068576446594535,-0.016254879331915086
2015-12-29,-0.016694245712734916,-0.017345218519999997,-0.014751474504201407,-0.016218681288279902,-0.01625666303823113,-0.016720391868960637,-0.01566816064287633
2015-12-30,-0.016373517315452554,-0.017345218519999997,-0.01495164831694107,-0.0164138034022946,-0.0162071661777927,-0.01697271585662809,-0.015154565777257129
2015-12-31,-0.016388727611086024,-0.017345218519999997,-0.014167096420426455,-0.015593837312349633,-0.0158065753218259,-0.01672530972069013,-0.015151117137534968
2016-01-04,-0.0168105781071046,-0.017345218519999997,-0.014191499503829957,-0.01563485028883166,-0.015951850908413737,-0.01713619065381098,-0.015951030917508716
2016-01-05,-0.01663405173556416,-0.017345218519999997,-0.014783061405257761,-0.01629621037163182,-0.01670268021198036,-0.01809268839658956,-0.017587406844264103
2016-01-06,-0.01708091970259536,-0.017345218519999997,-0.015028333581057946,-0.016500896014509974,-0.016341713585112348,-0.017852856190962822,-0.016963308668537836
2016-01-07,-0.018206297201744864,-0.017345218519999997,-0.015165548844737711,-0.01670375243772499,-0.017114491338447096,-0.018800949716252045,-0.01854641369159614
2016-01-08,-0.018289996215902528,-0.017367651760000002,-0.016628384768817384,-0.018301050456374014,-0.018825927581438823,-0.020472671410826038,-0.021351035508146755
2016-01-11,-0.01773308594552094,-0.017367651760000002,-0.016917894994866636,-0.018599350347807353,-0.018925922489228936,-0.0208176710469945,-0.021838920720071233
2016-01-12,-0.01726177928703675,-0.017367651760000002,-0.01639594277824452,-0.017999666148163233,-0.018010535708842073,-0.0192412296714227,-0.020962774916120454
2016-01-13,-0.01828993110571744,-0.017367651760000002,-0.015761172597944698,-0.017293890500228688,-0.017209151409953785,-0.018197292112185834,-0.020132202109597236
2016-01-14,-0.019517093269210622,-0.0174505622,-0.01671804139063556,-0.018313550576102934,-0.018789100859122783,-0.01985036448912111,-0.022483461875610965
2016-01-15,-0.02008538910401272,-0.0174505622,-0.018977985060932085,-0.020691283895925804,-0.020204880938221734,-0.02140740056705985,-0.02172105225438484
2016-01-19,-0.019544583188960112,-0.0174505622,-0.018714884333910546,-0.020502239945751333,-0.020986985011827965,-0.02245723156045069,-0.023348344191599427
2016-01-20,-0.019747867001200528,-0.0174505622,-0.0183791694992231,-0.02008654807106668,-0.02001489348429507,-0.021162972764150124,-0.02240933882717671
2016-01-21,-0.019382238148801932,-0.0174505622,-0.018145987113671703,-0.019882818743651342,-0.020285819803224758,-0.021746079495823703,-0.023203330924861286
2016-01-22,-0.02007057908344387,-0.0174505622,-0.018054799849121894,-0.01973082998374009,-0.019559434039771655,-0.021028968868668473,-0.022283293105574965
2016-01-25,-0.0205813589523531,-0.0174505622,-0.01897502358758227,-0.020710306751174197,-0.020285095421977078,-0.021995319468273666,-0.021485978379299782
2016-01-26,-0.02080883270112326,-0.0174505622,-0.01872955319314662,-0.02053658091987185,-0.021040876985252758,-0.022972042679083943,-0.023124809861359556
2016-01-27,-0.02043357808312672,-0.0174505622,-0.01962906479221783,-0.021440666536464374,-0.021098219464580115,-0.023273130703368148,-0.022254505613530623
2016-01-28,-0.019886052074399488,-0.0174505622,-0.01843426361857554,-0.020200242033866188,-0.02049765584614854,-0.022726179637892818,-0.021981388538502993
2016-01-29,-0.0222031905361398,-0.0174505622,-0.017949999169442666,-0.01963459208695818,-0.019562461590502112,-0.021427553181319364,-0.02110972958672362
2016-02-01,-0.02172386171433564,-0.0174505622,-0.02134084371991391,-0.02328052933745027,-0.02261449308660706,-0.024060238977337525,-0.020507287725939887
2016-02-02,-0.022100416954443505,-0.0174505622,-0.019945585621655673,-0.021809010728428797,-0.021711511247642173,-0.023088502065133923,-0.01971859614149791
2016-02-03,-0.02201439243073379,-0.017367651760000002,-0.019770392845167403,-0.021772711452872132,-0.022281294935040392,-0.02394834207802365,-0.02163976589905945
2016-02-04,-0.02143202329568484,-0.017367651760000002,-0.0201968340385902,-0.02216745477514445,-0.02192910161349737,-0.02382090793892688,-0.020829591982323488
2016-02-05,-0.021014532795900837,-0.017367651760000002,-0.018938036450218732,-0.020821817948504413,-0.02101283707200665,-0.02273036181171935,-0.02027103480306366
2016-02-08,-0.020954930569363723,-0.017367651760000002,-0.018299940120415463,-0.0201342876988036,-0.020397733844000076,-0.022202431397989726,-0.020112502266664056
2016-02-09,-0.020365311495901265,-0.017367651760000002,-0.018167167116086496,-0.020005695886465863,-0.02037177974932598,-0.022416357376799072,-0.020799904266036305
2016-02-10,-0.019758678214546802,-0.017367651760000002,-0.017710091603079202,-0.01946123246260328,-0.01941582953014369,-0.021033936812231542,-0.019985006206520186
2016-02-11,-0.025338850847042023,-0.017367651760000002,-0.01681143807151796,-0.018480627537371785,-0.018482834822827074,-0.019538362993609098,-0.01921200035781344
2016-02-12,-0.026093027080121,-0.0174505622,-0.023389487818850224,-0.025712378956905223,-0.026834715977414502,-0.025351813943557157,-0.03151501784104652
2016-02-16,-0.02595380664527509,-0.0174505622,-0.025593679208008552,-0.02796337755793582,-0.027464097569494313,-0.026605360552593698,-0.030316232582327112
2016-02-17,-0.0268278307262964,-0.0174505622,-0.024848683409299712,-0.027170308069943187,-0.02688872245520199,-0.02650990611868222,-0.02908698417426486
2016-02-18,-0.02604144565878517,-0.0174505622,-0.02581100067387378,-0.028208380475048596,-0.027737623488813184,-0.027851434624597306,-0.028004963131780393
2016-02-19,-0.02530631739955782,-0.0174505622,-0.02392285641571059,-0.02620158122305071,-0.026389394723423335,-0.02612955390245084,-0.026936289111210345
2016-02-22,-0.025095287275279567,-0.0174505622,-0.02294441609271905,-0.025115004857392976,-0.02510901548355487,-0.024521469651769778,-0.025829801773396274
2016-02-23,-0.024541748135353342,-0.0174505622,-0.02267577166357499,-0.024802454638124683,-0.024583090483610282,-0.02442774085169273,-0.024819802281296592
2016-02-24,-0.023847835941637037,-0.0174505622,-0.02136863144460039,-0.023423373584722563,-0.023725593385139226,-0.02376879999054809,-0.0243589528314656
2016-02-25,-0.023627052930865464,-0.0174505622,-0.0206472118883479,-0.02260501260135541,-0.0225924203846731,-0.022339757850306233,-0.023378666478815903
2016-02-26,-0.023319761328281056,-0.0174505622,-0.02044834125556488,-0.022367410615848817,-0.022151108734173756,-0.022288014829605515,-0.02247584594985491
2016-02-29,-0.022984382594666765,-0.0174505622,-0.019523486087121414,-0.02141363168124219,-0.021779314030037394,-0.02228140975170728,-0.022648568778433888
2016-03-01,-0.023640319046938144,-0.0174505622,-0.019187599629936374,-0.021043985771439025,-0.021368826104375294,-0.022184866976424876,-0.02270093858216984
2016-03-02,-0.022952907721422007,-0.0174505622,-0.020745121211026778,-0.022678128984813452,-0.022262636730723366,-0.02338461604356736,-0.02189962712359651
2016-03-03,-0.022254698993156345,-0.0174505622,-0.019343990648746485,-0.021181243687805162,-0.021182546865276503,-0.021853055706602315,-0.02103264228624318
2016-03-04,-0.02168320364530428,-0.0174505622,-0.018305642021653804,-0.02005482003779003,-0.020133653624373356,-0.020291382459566173,-0.02020145169294089
2016-03-07,-0.021134488592632113,-0.0174505622,-0.017706657309941917,-0.01937836749843935,-0.019327217791586717,-0.019437536281574356,-0.019440446639060034
2016-03-08,-0.020787556055365683,-0.0174505622,-0.01697086180282534,-0.018575655112773842,-0.018534352447104954,-0.018633447018421782,-0.01870069535544113
2016-03-09,-0.020438536135318985,-0.0174505622,-0.01630946342884801,-0.017892131330054076,-0.018223426869543115,-0.018642509429492405,-0.018824409551694437
2016-03-10,-0.019823782609886143,-0.0174505622,-0.01632708228283953,-0.017867538920031546,-0.017737508784571632,-0.018366508350127063,-0.01812117142287028
2016-03-11,-0.020172680897621767,-0.0174505622,-0.015363059314964135,-0.01683252514176465,-0.016886773826717626,-0.01704001729547451,-0.017423449711717068
2016-03-14,-0.019558153740474322,-0.0174505622,-0.016322788651961448,-0.017843842609991598,-0.017537743762544484,-0.018027673366903068,-0.016866571265362718
2016-03-15,-0.019074702472038713,-0.0174505622,-0.015152453206713917,-0.016604593716225302,-0.016700918944748632,-0.01673472677060757,-0.016229975567243433
2016-03-16,-0.018690811747476128,-0.0174505622,-0.014531097387616786,-0.01593761423450601,-0.016159003339847846,-0.01634645968710224,-0.01598894925703331
2016-03-17,-0.018231929816586064,-0.0174505622,-0.01439002098037239,-0.015755013446990984,-0.01566132135766694,-0.016006887491155718,-0.015410521684180336
2016-03-18,-0.017820092738499764,-0.017367651760000002,-0.013760329659310584,-0.015134501642930525,-0.015071625731859219,-0.015436194276249525,-0.014874393746628628
2016-03-21,-0.01727786953448035,-0.017367651760000002,-0.013310532593145775,-0.01464110111800603,-0.014570729557004978,-0.015014341652211967,-0.014356316775041206
2016-03-22,-0.01682334629447342,-0.017367651760000002,-0.012566039000417993,-0.013839299594893198,-0.01390434691428754,-0.013934746051253909,-0.013842163008003441
2016-03-23,-0.016418503946052574,-0.017367651760000002,-0.012055103640273342,-0.01329186475714229,-0.013468822496332824,-0.013600646055438134,-0.013612093855522754
2016-03-24,-0.015922198829698943,-0.017367651760000002,-0.011743617225854453,-0.0129496293590422,-0.013132844917118986,-0.013418202264976595,-0.01350684620642477
2016-03-28,-0.015495900738883236,-0.017367651760000002,-0.011336568195833379,-0.012494759864690874,-0.012575581123303259,-0.012656796217093858,-0.013057981757726558
2016-03-29,-0.015933371205854755,-0.017367651760000002,-0.010931428825248874,-0.012058172690338312,-0.012203242068740112,-0.012355542283152868,-0.012826774937724212
2016-03-30,-0.01545131970863635,-0.017367651760000002,-0.012209953078522327,-0.013418453704761052,-0.013145602640777163,-0.013469561530063028,-0.012520372710034082
2016-03-31,-0.015027795690236134,-0.017367651760000002,-0.011370082069104044,-0.012522535805116919,-0.01255721874820367,-0.012471120162284237,-0.012081253252121857
2016-04-01,-0.015030303262385575,-0.017367651760000002,-0.010908258812522957,-0.01202662675737865,-0.012155436969612271,-0.012120699136026461,-0.01188035721612882
2016-04-04,-0.014594562520717834,-0.017367651760000002,-0.011386471547790832,-0.012518522579641823,-0.012331346129837788,-0.012566514653219353,-0.01156624479573593
2016-04-05,-0.014898279380535394,-0.017367651760000002,-0.010730524664506705,-0.011824769687461044,-0.011886523237108086,-0.01205880899864269,-0.011310321853824086
2016-04-06,-0.015046794874949334,-0.017367651760000002,-0.011320223701516564,-0.012502548131725234,-0.01286603275533848,-0.013190590966649525,-0.013240225232115257
2016-04-07,-0.01513670292442316,-0.017367651760000002,-0.012175482271294127,-0.013384310781892221,-0.013174714870302766,-0.0137577935175315,-0.01285726685580546
2016-04-08,-0.01472024328050019,-0.017367651760000002,-0.012052238099237863,-0.013302571116966986,-0.013631631820152004,-0.014443845880354796,-0.013990438482492063
2016-04-11,-0.014418622837875083,-0.017367651760000002,-0.011885958558812642,-0.013087521349649765,-0.013071351849551924,-0.01368183560447926,-0.01351294832474207
2016-04-12,-0.014855881174682969,-0.017367651760000002,-0.011446167348563704,-0.01262746565053862,-0.012821381223909618,-0.013566996201307548,-0.013486907983995901
2016-04-13,-0.014592774291280116,-0.017367651760000002,-0.012533087550104887,-0.013773262714284853,-0.013509218552428915,-0.01443636221724427,-0.013109480192045045
2016-04-14,-0.014149178292586065,-0.017367651760000002,-0.012017920414092146,-0.013226623202577434,-0.013147073800152783,-0.014136850451873928,-0.0126936873259134
2016-04-15,-0.013727237845806118,-0.017367651760000002,-0.011356020026583778,-0.012515069285125649,-0.012589461232624838,-0.01325218614917932,-0.01229330189575196
2016-04-18,-0.013428509593858865,-0.017367651760000002,-0.010882719434772162,-0.01199941247411386,-0.01209509266257167,-0.012570857744124649,-0.011947364719415406
2016-04-19,-0.01311261837829299,-0.017367651760000002,-0.010701583171377123,-0.011784923270508852,-0.011726886456225152,-0.012213405887143106,-0.011587174184226286
2016-04-20,-0.01274642536511779,-0.017367651760000002,-0.010338382364180844,-0.011388920735432082,-0.011356951995661191,-0.011806423720199204,-0.011251717240615543
2016-04-21,-0.012531857343779939,-0.017367651760000002,-0.009853327268361769,-0.01087407864109264,-0.011004285261978079,-0.011409598226867827,-0.011046891855092554
2016-04-22,-0.01224054692663944,-0.017367651760000002,-0.009736666878530574,-0.010753561127479125,-0.010951843337244539,-0.011504329115134288,-0.01125994191648414
2016-04-25,-0.012327315725063013,-0.017367651760000002,-0.009664774846333976,-0.010653355043701023,-0.010625134949554032,-0.0111250406271571,-0.010939511914908839
2016-04-26,-0.011959796886761182,-0.017367651760000002,-0.009797447831508417,-0.01082793504887323,-0.01110859270887366,-0.011768281792171617,-0.011895770246766703
2016-04-27,-0.012049301723817128,-0.017367651760000002,-0.00965673707477641,-0.010648313114948484,-0.010675243512096222,-0.010964683259650143,-0.011529565384906845
2016-04-28,-0.012189674665465895,-0.017367651760000002,-0.010026793407605174,-0.011031632787253338,-0.010865012214283105,-0.011346851340737044,-0.011226099626477665
2016-04-29,-0.012007528120975709,-0.017367651760000002,-0.010058567701129706,-0.011107571351254172,-0.011382356828313546,-0.012031482607027796,-0.012237543441963072
2016-05-02,-0.012515390049346172,-0.017367651760000002,-0.010078766765858657,-0.011122824280095988,-0.011310590568360784,-0.01209488791966229,-0.012355898299785938
2016-05-03,-0.012283465489508769,-0.017367651760000002,-0.011152841221344925,-0.012257930172583168,-0.01201189887104558,-0.0129294456099127,-0.012035858279168638
2016-05-04,-0.011969982580278073,-0.017367651760000002,-0.01053363009899179,-0.01162005618206689,-0.011815862194347685,-0.01282376303273309,-0.012084195072614051
2016-05-05,-0.01176147529429146,-0.017367651760000002,-0.010300756610465697,-0.011356465735380392,-0.011475282944412933,-0.012448638916938525,-0.01189228055623411
2016-05-06,-0.011404897746089467,-0.017367651760000002,-0.010122700083545962,-0.011166623409416043,-0.011328196985287774,-0.012383733562311159,-0.011952097472606072
2016-05-09,-0.011215427603369008,-0.017367651760000002,-0.009836963431338703,-0.010844035405599906,-0.010896653651714525,-0.011659624847907822,-0.011596419620220906
2016-05-10,-0.011777539927153627,-0.017367651760000002,-0.009762805116359108,-0.010745183740755958,-0.010643844427050379,-0.011417535844881097,-0.011261395913147306
2016-05-11,-0.011779590225983542,-0.017367651760000002,-0.010639144966192525,-0.011684272408577993,-0.011410638509834141,-0.012286125487653923,-0.011010260700086138
2016-05-12,-0.011439950256757155,-0.017367651760000002,-0.010318036407204948,-0.011381733198222603,-0.011604798777718512,-0.012640095319712765,-0.011671704049388098
2016-05-13,-0.011365190739244226,-0.017367651760000002,-0.010140547346844175,-0.011165084962048606,-0.011147092717698518,-0.011847657781511818,-0.011322111543951078
2016-05-16,-0.01181553913477648,-0.017367651760000002,-0.009981335814858959,-0.01101343522842881,-0.011217132134608346,-0.012072379258264553,-0.011708331634747108
2016-05-17,-0.012063552997835207,-0.017367651760000002,-0.010930909804891354,-0.012010622049397802,-0.011767670254239162,-0.012769115558075058,-0.011417251209792279
2016-05-18,-0.01170703044378093,-0.017367651760000002,-0.010868175324195045,-0.011995245493120784,-0.012297667136402865,-0.013444708660124769,-0.012611827028268739
2016-05-19,-0.011537736800857977,-0.017367651760000002,-0.010699012018562097,-0.011780904524605496,-0.011782817566698663,-0.012521155426136568,-0.012204238448504535
2016-05-20,-0.011331292205160224,-0.017367651760000002,-0.010403937653249908,-0.011476172961572691,-0.011654897111628006,-0.012518071068459974,-0.01230269603254329
2016-05-23,-0.011124374535893815,-0.017367651760000002,-0.01036361586693052,-0.011405613785745217,-0.011326297151097222,-0.01217426438290906,-0.011923195331890053
2016-05-24,-0.011844129198867315,-0.017367651760000002,-0.00996705894981339,-0.010995037353501493,-0.011149905280029558,-0.012070579395857239,-0.011917563154493738
2016-05-25,-0.011571545654894825,-0.017367651760000002,-0.011213020645954785,-0.012316919779807013,-0.012029145310943998,-0.013031344372965619,-0.011634421136635986
2016-05-26,-0.011356686068899974,-0.017367651760000002,-0.010591544412999948,-0.011659035390930028,-0.011608359366507266,-0.01249275194967498,-0.0112902390438364
2016-05-27,-0.011293059838697462,-0.017367651760000002,-0.010305738717750817,-0.011344703507320914,-0.011276871646341302,-0.01213534339159053,-0.010971740115256394
2016-05-31,-0.010949066121369123,-0.017367651760000002,-0.010229669420177435,-0.011257225026362876,-0.011143824984129717,-0.012099316371718885,-0.010683753849912188
2016-06-01,-0.010769003702969427,-0.017367651760000002,-0.009669810207944319,-0.01065990263791553,-0.010713184861237597,-0.011332674092115526,-0.010393548189596272
2016-06-02,-0.01063844249397773,-0.017367651760000002,-0.009577759226812891,-0.010542032321824565,-0.010460452303410112,-0.011089971864978374,-0.010129661001262131
2016-06-03,-0.010365451161643332,-0.017367651760000002,-0.009427069875652713,-0.010374918897842627,-0.010276405488318749,-0.010954272260155122,-0.009884105706465146
2016-06-06,-0.010686806673295706,-0.017367651760000002,-0.009050628622011322,-0.009968710946441361,-0.009933584768698567,-0.010434126595193344,-0.009640866410033202
2016-06-07,-0.01043343477953674,-0.017367651760000002,-0.009610635419196026,-0.010564859374733051,-0.010360037679178613,-0.011009242383650447,-0.009470959474861826
2016-06-08,-0.010211352749339157,-0.017367651760000002,-0.009152932117428753,-0.010077627152967549,-0.01003247421082236,-0.010559248212648089,-0.009255507745368938
2016-06-09,-0.009900825431811039,-0.017367651760000002,-0.008914338929841925,-0.00981438956997842,-0.009753487961782176,-0.010209648762517709,-0.009055349248725104
2016-06-10,-0.010096341359690276,-0.017367651760000002,-0.008512993204804913,-0.009384993298073168,-0.009423000867242149,-0.009623100234247919,-0.008870034625380167
2016-06-13,-0.009912202088853574,-0.017345218519999997,-0.008816750571080879,-0.009744764127076014,-0.009984632753640303,-0.010324489874238936,-0.010043251915044763
2016-06-14,-0.00966069385873731,-0.017345218519999997,-0.008846786724177151,-0.009762783051981317,-0.009880203544946875,-0.010304232307554034,-0.010134574437563139
2016-06-15,-0.009554782332732633,-0.017345218519999997,-0.008736770010193481,-0.009625166479370584,-0.009562287907219497,-0.009819930389254721,-0.009874020326447476
2016-06-16,-0.009420228868663555,-0.017345218519999997,-0.008568579620181174,-0.009461221508708843,-0.009598789576012644,-0.009979027999576404,-0.010126091858425943
2016-06-17,-0.009142534613120661,-0.017345218519999997,-0.008651719445497072,-0.009527903333398494,-0.009414944075136916,-0.00980391525909035,-0.009873381932651637
2016-06-20,-0.009221148809928751,-0.017305397259999997,-0.008250862842737667,-0.009117533317190164,-0.00913628490982202,-0.009372240026381042,-0.009666481442824424
2016-06-21,-0.008984089581173594,-0.017305397259999997,-0.008523388520659755,-0.009397636703252926,-0.009230189932447399,-0.009590407492846922,-0.009463194235196756
2016-06-22,-0.008748477997447166,-0.017305397259999997,-0.008170118435667709,-0.009016227372534238,-0.008949256776469128,-0.009119684737466398,-0.00924445517689602
2016-06-23,-0.010419192829390482,-0.017305397259999997,-0.00790428460773997,-0.008733853376643796,-0.008767152654464195,-0.008901623127452659,-0.009159607966497365
2016-06-24,-0.017101225390621092,-0.017305397259999997,-0.010348305628410957,-0.01136065905036114,-0.010901302603384814,-0.010726908494263027,-0.009154204708334206
2016-06-27,-0.01808286907316214,-0.017345218519999997,-0.017336316007203745,-0.01913614049313696,-0.02016498219938131,-0.016975713335201478,-0.023224119646472006
2016-06-28,-0.01888877172468755,-0.017367651760000002,-0.01884006166283922,-0.0207191079176918,-0.02125886131183339,-0.018789704602208548,-0.02498064900279974
2016-06-29,-0.01935418183594827,-0.017367651760000002,-0.020304942436700474,-0.022230888790525132,-0.02180038352665222,-0.020059140783650436,-0.024059909359038553
2016-06-30,-0.01955552038917035,-0.017367651760000002,-0.020322278459951885,-0.022256003946159526,-0.0219192025539644,-0.02083196751138373,-0.023147628019754556
2016-07-01,-0.018965865283385036,-0.017367651760000002,-0.020073309024357333,-0.02199046292176715,-0.02172821687765733,-0.02119130905049556,-0.02225670593907013
2016-07-05,-0.0184063174631116,-0.017367651760000002,-0.018703687438000743,-0.020521662106664243,-0.020581899919329117,-0.019498417913571542,-0.021306264291434562
2016-07-06,-0.01796006048911357,-0.017367651760000002,-0.01769872999781768,-0.01942794204450828,-0.019560297933673677,-0.018338026760876626,-0.02046429176020472
2016-07-07,-0.01748586396446113,-0.017367651760000002,-0.017076470440413605,-0.018730651484152275,-0.018677496667790627,-0.017533340816845964,-0.019630050222289967
2016-07-08,-0.01829026576251763,-0.017367651760000002,-0.016115441097357183,-0.017704054737203816,-0.017884526808037697,-0.016873043350356314,-0.019018743327319676
2016-07-11,-0.01777901392783508,-0.017367651760000002,-0.017482552784211465,-0.019148965148388267,-0.018784685511214993,-0.01823189816339479,-0.018430544448546908
2016-07-12,-0.017265168447476702,-0.017367651760000002,-0.016272280652501483,-0.017859780796119128,-0.017880649099647084,-0.017155665268871082,-0.0177003635620227
2016-07-13,-0.016873352961039367,-0.017367651760000002,-0.015462125864219857,-0.01697264143599853,-0.017004021323223102,-0.016057829487724995,-0.01700143502688257
2016-07-14,-0.016449438924470632,-0.017367651760000002,-0.014909485184926605,-0.016360699817507134,-0.016313747720008116,-0.015507489439785577,-0.01635391624327926
2016-07-15,-0.015951370974982886,-0.017367651760000002,-0.014252790474505894,-0.01563758388218964,-0.01561165555137216,-0.014850448352045147,-0.01573951650697939
2016-07-18,-0.015466683809030577,-0.017367651760000002,-0.013468906223496637,-0.014788632941755702,-0.014878168134635392,-0.013936662988937703,-0.015161811339966073
2016-07-19,-0.015024248351519887,-0.017367651760000002,-0.012861195073550982,-0.014121906961386092,-0.014173217704370786,-0.01290982006816824,-0.014597059991246109
2016-07-20,-0.014714701492568313,-0.017367651760000002,-0.01227172375351164,-0.013481957134500344,-0.013595980196092441,-0.012409998934991102,-0.014161858706596342
2016-07-21,-0.014519087329705964,-0.017367651760000002,-0.01204842428747897,-0.013218752739619347,-0.013148542476974282,-0.012176841410343786,-0.013673465765734184
2016-07-22,-0.014437478474232084,-0.017367651760000002,-0.011681840927714503,-0.01284650014773565,-0.013081142707638629,-0.012467730445025164,-0.013898170444580806
2016-07-25,-0.01408328275460346,-0.017367651760000002,-0.01197695958592074,-0.013133382532326307,-0.0129840680262406,-0.01269061374047559,-0.013458165903863171
2016-07-26,-0.013679544471531557,-0.017367651760000002,-0.01132260282723594,-0.012449024146878518,-0.012610822298573505,-0.012461149556137035,-0.013252880302229455
2016-07-27,-0.01354750473625138,-0.017367651760000002,-0.010941025435217036,-0.012027822954448895,-0.012136092324811805,-0.011961924240755543,-0.012886080896376818
2016-07-28,-0.013137790755102121,-0.017367651760000002,-0.010880823357950192,-0.01197436317899675,-0.012201445491543544,-0.012298577669613252,-0.013228329756570456
2016-07-29,-0.012775644715136859,-0.017367651760000002,-0.010601210042218284,-0.01165034340277662,-0.011674929527301507,-0.011380454502904067,-0.012771907268609276
2016-08-01,-0.012402443789381086,-0.017367651760000002,-0.010229819143747447,-0.011239741125329083,-0.011213610679512041,-0.01079859691611599,-0.01234444413062059
2016-08-02,-0.01239915639818895,-0.017367651760000002,-0.009774591598288404,-0.010747478070921973,-0.010815393843859497,-0.010363148974649836,-0.011999498953732441
2016-08-03,-0.012367128930016074,-0.017367651760000002,-0.009924044048153844,-0.010927147289668076,-0.011151097955941795,-0.010965666321456728,-0.012596022742602193
2016-08-04,-0.012079358707999008,-0.017367651760000002,-0.010319791090899462,-0.011320119914444052,-0.011152403314283051,-0.01120062621804476,-0.012225681492513471
2016-08-05,-0.011781984264477375,-0.017367651760000002,-0.009831281954553748,-0.010807803355821401,-0.010915962092137266,-0.011067912763739734,-0.012086665447831258
2016-08-08,-0.011443413473199745,-0.017367651760000002,-0.009677981959439239,-0.010623868990653214,-0.010547378074298439,-0.0106322606232029,-0.011704598001692405
2016-08-09,-0.01119263086579062,-0.017345218519999997,-0.00927734110098721,-0.010196437970805442,-0.010148799065536666,-0.009995931260916788,-0.011334034611585879
2016-08-10,-0.010933208001753049,-0.017345218519999997,-0.009077447045317558,-0.009972155856016135,-0.009869954121870783,-0.009724857324278769,-0.011000664140359506
2016-08-11,-0.010643847775465499,-0.017345218519999997,-0.008759884346723958,-0.009641249539773522,-0.009718891753496783,-0.009666245096114745,-0.010919063536082496
2016-08-12,-0.01052727625850223,-0.017345218519999997,-0.0086268621444747,-0.009481421424831321,-0.009403713356416028,-0.00921625125820099,-0.010602473985850718
2016-08-15,-0.010239010868267532,-0.017305397259999997,-0.008547568573337475,-0.009429339686852417,-0.00953663051672166,-0.009520458445914837,-0.010855623665063053
2016-08-16,-0.010373237746948498,-0.017305397259999997,-0.008446998942957792,-0.009302380273764892,-0.00922499295798762,-0.009026644763644617,-0.010543757035564818
2016-08-17,-0.010520943343299567,-0.017305397259999997,-0.008702968302549885,-0.009608341967119691,-0.009789734497062495,-0.009758306085643948,-0.011345411831513417
2016-08-18,-0.010266430063095714,-0.017305397259999997,-0.009308707011046042,-0.010232667751151508,-0.010026730217701108,-0.010187967994195213,-0.011070730536446378
2016-08-19,-0.010060768187173209,-0.017305397259999997,-0.008901129949829452,-0.009796204589381782,-0.009712528486047723,-0.00977566519719288,-0.010748676234842663
2016-08-22,-0.00976029282331901,-0.017305397259999997,-0.008636056862669907,-0.009523389458410011,-0.009614513724894075,-0.009770554411163932,-0.010737371637471009
2016-08-23,-0.009484892032977888,-0.017291455900000002,-0.008444326545009005,-0.009307088094054238,-0.009310661523271964,-0.009307153014245008,-0.01045044483548301
2016-08-24,-0.010240737917163777,-0.017291455900000002,-0.00820555262678017,-0.009048429571361842,-0.009071685935832382,-0.00900348949293307,-0.010238388780224802
2016-08-25,-0.00993846450470951,-0.017291455900000002,-0.009306619633564458,-0.010279165343096964,-0.010552942836259443,-0.010427487929767823,-0.012273013554971996
2016-08-26,-0.009772002133243323,-0.017291455900000002,-0.009266328057320944,-0.010199200866104183,-0.01014569350195528,-0.009713288268466671,-0.011860221658004561
2016-08-29,-0.010109803437529093,-0.017291455900000002,-0.009051653160038784,-0.009973777190693466,-0.010046801668971364,-0.009778308313922516,-0.011798240804333547
2016-08-30,-0.009846950577176146,-0.017291455900000002,-0.009728665577659095,-0.010684438637054018,-0.010438563535622886,-0.010395657388214402,-0.01151687703784723
2016-08-31,-0.00955829446825434,-0.01725842708,-0.009198726438786295,-0.010142176310004638,-0.010151250471558047,-0.010117988578279972,-0.011258884671008032
2016-09-01,-0.009295952766214395,-0.01725842708,-0.00891257690202016,-0.009827859431563368,-0.009819706102868643,-0.009675208344603286,-0.010965440393847378
2016-09-02,-0.009017161452817272,-0.01725842708,-0.008649641112751773,-0.00954238153774634,-0.009552039918083819,-0.009376190043335415,-0.010736340237532054
2016-09-06,-0.008843196182373067,-0.01725842708,-0.008404876875854244,-0.009269243607350989,-0.009220835581746975,-0.00870139760676242,-0.010432932256214627
2016-09-07,-0.008574961481592425,-0.01725842708,-0.008267949612744276,-0.00911131859792709,-0.009004183743803419,-0.008488244442275398,-0.010157709026989075
2016-09-08,-0.008318003095875647,-0.01725842708,-0.007925136157867009,-0.008744131769364534,-0.008719212791574959,-0.007941699841784253,-0.00989076138087097
2016-09-09,-0.013664181618214696,-0.01725842708,-0.00768931456439535,-0.008486201716117853,-0.008480873637485963,-0.007597873009195205,-0.009657165219353841
2016-09-12,-0.01452520348533515,-0.017291455900000002,-0.013894799159839055,-0.015331727707835793,-0.01605941359551999,-0.01285820780986319,-0.019569858995746744
2016-09-13,-0.01527567965801552,-0.017291455900000002,-0.015647327596113682,-0.017146430543418426,-0.016778658349498723,-0.014240240094560616,-0.018914753035739466
2016-09-14,-0.01482772506634467,-0.017291455900000002,-0.015666078001495044,-0.01724441090610099,-0.01768906415131493,-0.01574191878005401,-0.020426485285393384
2016-09-15,-0.014935231426054244,-0.017291455900000002,-0.015301590473468726,-0.01680395448390144,-0.01679681203733755,-0.014673802927008988,-0.01955800803778326
2016-09-16,-0.014506721590261293,-0.017291455900000002,-0.015352215147662397,-0.01683808491403892,-0.0166087239551174,-0.015037594652182408,-0.01880700468670856
2016-09-19,-0.014090758550149202,-0.017291455900000002,-0.014332307254403338,-0.015751586765097664,-0.01585067400321953,-0.014332423151460418,-0.01810233384775979
2016-09-20,-0.013669413310855623,-0.017291455900000002,-0.013766223630515396,-0.015119899581439677,-0.015096341686114635,-0.01345781665577737,-0.017374576069899443
2016-09-21,-0.01475579983604103,-0.017291455900000002,-0.013091034681386024,-0.014382652261435085,-0.01439218623782591,-0.012526939077561852,-0.016689478898932634
2016-09-22,-0.01452717304039847,-0.017291455900000002,-0.014647700317382335,-0.016048400964861244,-0.01566387135608213,-0.014173818948407267,-0.01623321945931598
2016-09-23,-0.014208137542898201,-0.017291455900000002,-0.013893513743220762,-0.01524963974888421,-0.015146377441094245,-0.013956303027908443,-0.015634981358163134
2016-09-26,-0.014171113519617121,-0.017291455900000002,-0.01316150211821958,-0.014474621739744155,-0.014664061241423386,-0.013747477616298081,-0.015360173728710505
2016-09-27,-0.013783922642118796,-0.017291455900000002,-0.013053977958985706,-0.014369313367611148,-0.014655871281860022,-0.014147178480753708,-0.015715660607923242
2016-09-28,-0.013368275913877454,-0.017291455900000002,-0.012767181570505383,-0.014026353223756739,-0.014001934808691859,-0.013382719018240525,-0.015128354016296905
2016-09-29,-0.014014679865901446,-0.017291455900000002,-0.012137605012581529,-0.01334248723435308,-0.013361484379267556,-0.012403448317848398,-0.014572574904739411
2016-09-30,-0.013757219351019747,-0.017291455900000002,-0.012741518703575384,-0.014046352544094608,-0.01447612410966506,-0.013794786583625063,-0.01634932811533362
2016-10-03,-0.01352885023876754,-0.017291455900000002,-0.012819037941488165,-0.014081962174692871,-0.013986852589371117,-0.013476195941314988,-0.01574350469102873
2016-10-04,-0.013628586042145889,-0.017291455900000002,-0.012250098229272916,-0.013490836464199591,-0.013705187495479032,-0.01346660870155594,-0.015596027254931803
2016-10-05,-0.013326076561947994,-0.017291455900000002,-0.012377666189377587,-0.013642822992375948,-0.01395292060454739,-0.014045133790224486,-0.01612196793048775
2016-10-06,-0.012940952639177189,-0.017291455900000002,-0.012285392994812286,-0.0135034214553597,-0.013429703815530675,-0.01353893728102721,-0.015520824430752976
2016-10-07,-0.013020702987837482,-0.017291455900000002,-0.01163433356359898,-0.012804186568031629,-0.012891128763674669,-0.01292600209488947,-0.015003328671925583
2016-10-10,-0.01345565804980781,-0.017291455900000002,-0.011682277613417995,-0.012875186438755633,-0.013147418872949658,-0.013463165439138674,-0.0154772275247483
2016-10-11,-0.013923899186780974,-0.017291455900000002,-0.012682504714639806,-0.013916821514120542,-0.013629707189479033,-0.014191584080444953,-0.014998656072576501
2016-10-12,-0.013500569011821147,-0.017291455900000002,-0.01273850663596542,-0.014046946011118637,-0.014441185015878072,-0.015192106526294775,-0.016347128681094024
2016-10-13,-0.013116730775629111,-0.01725842708,-0.012494112581264665,-0.013759673870784209,-0.013778148360338558,-0.014104677500697674,-0.015722493450569693
2016-10-14,-0.012796544923325338,-0.01725842708,-0.011989261023547578,-0.013202121570671741,-0.013171341795810221,-0.013257935359928941,-0.01513506692036107
2016-10-17,-0.01241068033003387,-0.01725842708,-0.011449986515347132,-0.012627891656561276,-0.012760826920594555,-0.01293546285529297,-0.01477708431246212
2016-10-18,-0.012133668843012384,-0.01725842708,-0.011074930285993646,-0.012205150324682659,-0.012210426675660179,-0.011996818079139075,-0.014244411107960445
2016-10-19,-0.011772012977641,-0.01725842708,-0.010779370221470831,-0.011873059499255746,-0.011798812175568975,-0.011611559826484135,-0.013750440998378348
2016-10-20,-0.012127931718577662,-0.01725842708,-0.010270742673573393,-0.011319648363207336,-0.011315749229765398,-0.010826120592860913,-0.013269851718050334
2016-10-21,-0.01189568675088147,-0.01725842708,-0.010663128785860444,-0.011782677431237272,-0.012094596111869959,-0.011834374850383361,-0.014367217423021123
2016-10-24,-0.01155943907868041,-0.017212496620000003,-0.010601036850962035,-0.01172506272384265,-0.011863064049261607,-0.01178759200978454,-0.014155471080685128
2016-10-25,-0.011212217640188009,-0.017212496620000003,-0.010302803155864364,-0.011389730079850493,-0.011449554691020403,-0.011343972773030397,-0.01373224891272941
2016-10-26,-0.010997725675534762,-0.017212496620000003,-0.009968876385967693,-0.011015055394108965,-0.01099418207301931,-0.010549505477487602,-0.013262500383413435
2016-10-27,-0.010666177906545742,-0.017212496620000003,-0.009687797157225909,-0.010719146375044493,-0.01083198310628319,-0.010561569256044333,-0.013113363069349376
2016-10-28,-0.010351546392133077,-0.017212496620000003,-0.009456973992411924,-0.0104509086776037,-0.010422454495836673,-0.009825590103985106,-0.012679156636084156
2016-10-31,-0.010048038711692638,-0.017212496620000003,-0.009105972428902856,-0.010069157780314482,-0.010084397998046803,-0.009426291355289192,-0.012306097416180342
2016-11-01,-0.010094959529177917,-0.017212496620000003,-0.008858631713321926,-0.009788710912804414,-0.009733323189557164,-0.008846188008629362,-0.011915943873378453
2016-11-02,-0.010137991893036869,-0.017212496620000003,-0.008928590131101748,-0.009885947813113763,-0.010047102852527877,-0.009409652468139252,-0.012307472871528984
2016-11-03,-0.009956133664161194,-0.017212496620000003,-0.009298518413848687,-0.010281308858834793,-0.01031645661106993,-0.00991824253810658,-0.012655567124614128
2016-11-04,-0.009652884890596947,-0.017212496620000003,-0.009244597175300113,-0.010204900162717792,-0.010067176525440286,-0.009719446191274942,-0.012261698885483228
2016-11-07,-0.013068133803344989,-0.017212496620000003,-0.008810743962471815,-0.009740453157919386,-0.009724763277898852,-0.009166899150105795,-0.011883313130290576
2016-11-08,-0.013034029122249647,-0.017212496620000003,-0.013462148655872757,-0.014788259374811642,-0.0141589344870826,-0.01246111320305723,-0.011945707249184236
2016-11-09,-0.013260925856663478,-0.017212496620000003,-0.012794900528540301,-0.014098677521779112,-0.013914807923852354,-0.012617903153532572,-0.011623946657239911
2016-11-10,-0.013207788770279985,-0.017212496620000003,-0.01295023448614429,-0.014262824078710178,-0.014020040556589213,-0.013148279060075459,-0.011354150707188305
2016-11-11,-0.012805580511692626,-0.017212496620000003,-0.012398567877386225,-0.013709166357169778,-0.013969334648145296,-0.013469825826369148,-0.01202366294270263
2016-11-14,-0.012457668180079689,-0.017212496620000003,-0.01205357064487435,-0.013308347460594278,-0.013347042357855648,-0.01262172552908092,-0.01166528633883976
2016-11-15,-0.012875883895992006,-0.017212496620000003,-0.011545533214174076,-0.012758107707522278,-0.012860737948773184,-0.012208519771093843,-0.011463646735987949
2016-11-16,-0.012550442347988253,-0.017208836419999998,-0.012332748693002365,-0.013575184760744813,-0.013279678733825533,-0.012958441412072225,-0.01122592128378275
2016-11-17,-0.012301644514483444,-0.017208836419999998,-0.01153444408872255,-0.012734352123396771,-0.012841773380323855,-0.012617759669181829,-0.011128992030579016
2016-11-18,-0.011930278183276244,-0.017208836419999998,-0.011353879140679986,-0.012513263620768142,-0.012427520876020387,-0.01227805580355287,-0.01083502491308048
2016-11-21,-0.011887955270886175,-0.017208836419999998,-0.010762049151295656,-0.011878268309953553,-0.01192894493577662,-0.01161750845469657,-0.010567351458223292
2016-11-22,-0.011533119116418576,-0.017208836419999998,-0.01087021156059521,-0.011972439421986399,-0.011813972302980778,-0.011728057994634658,-0.010330897472635837
2016-11-23,-0.011268630192624867,-0.017208836419999998,-0.010255575842269361,-0.011315328950159846,-0.011340942929553514,-0.010942714159809047,-0.010077492737535658
2016-11-25,-0.011340733345983872,-0.017208836419999998,-0.010001744321873389,-0.01102872976128361,-0.010976159873743563,-0.010586335103545936,-0.009846657573302105
2016-11-28,-0.011026648792795754,-0.0172015118,-0.010199317035958113,-0.01122903455622675,-0.01105275158189617,-0.010901052620653304,-0.009666439733209638
2016-11-29,-0.010691655697561423,-0.0172015118,-0.009662213377510394,-0.010653368375806958,-0.010653197635412056,-0.01033707535780634,-0.00945947862894773
2016-11-30,-0.011136060462763544,-0.0172015118,-0.009255416935485903,-0.010212227707625808,-0.010272996719089501,-0.009781152768378772,-0.009272301817199763
2016-12-01,-0.010851795614704021,-0.0172015118,-0.009822448503684548,-0.010858881654385106,-0.011199046871807086,-0.010859719460390094,-0.011094646930312256
2016-12-02,-0.010522020272825392,-0.0172015118,-0.009767392840466986,-0.010776592336950021,-0.010893729859443407,-0.01062106718162173,-0.010952528464265494
2016-12-05,-0.010203405100810154,-0.0172015118,-0.00948703227818888,-0.010459496436310757,-0.010497176323328678,-0.01004024176167114,-0.01066709496487986
2016-12-06,-0.010070176395261338,-0.0172015118,-0.009150393777664214,-0.01009196452302938,-0.010136264862932112,-0.00953291153084657,-0.010406101074919568
2016-12-07,-0.010470068591178217,-0.0171829112,-0.00915539728949215,-0.010079863345738883,-0.009959087710956015,-0.00947700294805361,-0.010158962222483588
2016-12-08,-0.010301664926264286,-0.0171829112,-0.00976825721920666,-0.010734141042800469,-0.010475891960138636,-0.01020139742408687,-0.00997946478513947
2016-12-09,-0.010393732533021748,-0.0171829112,-0.009402909656991866,-0.010348818064209475,-0.010243115466234696,-0.01004081365169121,-0.00975903069921264
2016-12-12,-0.010196232392737302,-0.0171829112,-0.009573949928516484,-0.010528222589185648,-0.010344442627236999,-0.010334345086008188,-0.009579360646493841
2016-12-13,-0.010258757908541562,-0.01717045372,-0.009245930606274,-0.01017863522364366,-0.010083102465877814,-0.010085060499759884,-0.00938037497545177
2016-12-14,-0.010893184887095014,-0.01717045372,-0.009384054873259925,-0.010322644551470335,-0.010156104714197749,-0.01032406868038232,-0.009225326461429166
2016-12-15,-0.010989095109553064,-0.01717045372,-0.009928217299098133,-0.010969522510156007,-0.011317382646627258,-0.011503002057189545,-0.01139049256815024
2016-12-16,-0.010667820073018107,-0.01717045372,-0.010482988313897674,-0.011526835397253134,-0.011349743882452327,-0.011724539500731178,-0.011097739169301244
2016-12-19,-0.010344398023883232,-0.01717045372,-0.00986511539332172,-0.010875347685691594,-0.010951434790777632,-0.011202149491447414,-0.010840970549826518
2016-12-20,-0.010148574539514716,-0.01717045372,-0.009554987816918695,-0.01052527427256324,-0.010539172298488716,-0.010463884775301163,-0.010554644717277389
2016-12-21,-0.00985359409872709,-0.01717045372,-0.009408569678658829,-0.01035317172204503,-0.010263754402752023,-0.010204756202065358,-0.01029306785505368
2016-12-22,-0.009599759240995143,-0.01717045372,-0.008976277909968477,-0.009894823523500356,-0.009952534620057301,-0.009810117624364368,-0.010095649307929081
2016-12-23,-0.009311220518612056,-0.0171367529,-0.008796727033133011,-0.009701904065487632,-0.00964478398412718,-0.009378127966453669,-0.009860547347712571
2016-12-27,-0.009029712871219528,-0.017111966200000002,-0.008468683230241534,-0.009352615997179115,-0.00933070991333122,-0.008755096011884256,-0.009635797807023245
2016-12-28,-0.00956604706572148,-0.017111966200000002,-0.008216544446402725,-0.009070811912043031,-0.009041874573075813,-0.008207147524774366,-0.009425680747546319
2016-12-29,-0.009382961756524668,-0.017111966200000002,-0.008843266896514159,-0.009788127346307327,-0.010063817681701465,-0.009329550550653418,-0.011009861478132741
2016-12-30,-0.009136733888952121,-0.017111966200000002,-0.009006800101462731,-0.00992827036890409,-0.009809275179399215,-0.009116453852816914,-0.010718888999190114
2017-01-03,-0.009042813120599378,-0.017111966200000002,-0.00863687542843353,-0.009537667232042267,-0.009582139767275899,-0.00893124420832591,-0.010551356607100666
2017-01-04,-0.009078202470513396,-0.017111966200000002,-0.008711911662748366,-0.009600628592566255,-0.0094464149685131,-0.008899642941323086,-0.010299359905620996
2017-01-05,-0.008805512076193445,-0.017111966200000002,-0.008765975090987923,-0.009655857061297972,-0.009466030188741885,-0.009080180071292146,-0.010072725396477128
2017-01-06,-0.008825551197755934,-0.017111966200000002,-0.008325957792425351,-0.009191681000140612,-0.00919229851891135,-0.00867784681681632,-0.009864393719097319
2017-01-09,-0.009109272711942366,-0.017111966200000002,-0.008517625730567649,-0.009384563822219099,-0.009204298580867066,-0.008831173935212131,-0.009665582454647862
2017-01-10,-0.00884400361583296,-0.017111966200000002,-0.008672630893153812,-0.009591799997037678,-0.009809978568935918,-0.009580396791890766,-0.01064291870496443
2017-01-11,-0.008613501830899777,-0.01709287342,-0.00866197021473902,-0.0095533668596339,-0.009484697225258739,-0.008993813775044886,-0.010369066534709419
2017-01-12,-0.008361145066760407,-0.01709287342,-0.008430389539016332,-0.009297025797164708,-0.009205841729689412,-0.008584053713381674,-0.010126431759563705
2017-01-13,-0.008130975687438344,-0.01709287342,-0.008134912178727027,-0.008979524086977839,-0.008968423212092515,-0.008275172039194048,-0.009933884985324656
2017-01-17,-0.007885228450667196,-0.01709287342,-0.00798673758380226,-0.008809673326087602,-0.00871844131373776,-0.007849140539077905,-0.00971854174111853
2017-01-18,-0.007802897732013424,-0.01709287342,-0.007731105980593943,-0.008533141078299982,-0.008480935737475426,-0.007376122278200581,-0.00951597809875766
2017-01-19,-0.0076049627588104214,-0.01709287342,-0.007745117944981214,-0.008527378965331466,-0.00839135668113082,-0.007369353805215327,-0.00933149733969738
2017-01-20,-0.007821053580100528,-0.01706047016,-0.007470679458219304,-0.008252684740080835,-0.008277851088623516,-0.007293576395902783,-0.009253337221039437
2017-01-23,-0.007958188890412402,-0.01694319062,-0.007927105237414286,-0.008764975649866719,-0.0085175003204177,-0.00771215302957289,-0.009060875304429422
2017-01-24,-0.00791968438040917,-0.01694319062,-0.007894065765466968,-0.008767941071611189,-0.00890205430532974,-0.00827360339803731,-0.009686038183669046
2017-01-25,-0.00826700288410064,-0.01694319062,-0.008125388254344662,-0.00899030425125975,-0.00882281572131489,-0.008284553943585788,-0.009497855012186657
2017-01-26,-0.008109470862370004,-0.01694319062,-0.00854765087558197,-0.009442753141792892,-0.009180142597086799,-0.008813379541487292,-0.009343703176768001
2017-01-27,-0.007890694811192213,-0.01694319062,-0.008148515519389046,-0.009033628848743811,-0.009088995708876122,-0.008804133106895824,-0.009395631845870467
2017-01-30,-0.00790835114348139,-0.01690015088,-0.008015813863928757,-0.008899264196775244,-0.008892193634228298,-0.008572351466394783,-0.009289828626387418
2017-01-31,-0.008042762276472,-0.01690015088,-0.008016462179553381,-0.008894274171740336,-0.009048641317960878,-0.008876339024928523,-0.009657766920448504
2017-02-01,-0.007813394315497555,-0.01690015088,-0.008466933802546971,-0.009332527946696634,-0.009137375994650636,-0.009093265671746627,-0.009474994205590429
2017-02-02,-0.007682167437234552,-0.01690015088,-0.008027910773020829,-0.008868220228752824,-0.008859790601919337,-0.008548581945982662,-0.0092818405695425
2017-02-03,-0.007869885334213993,-0.01685717276,-0.007951926003095213,-0.008791922023881278,-0.008679713638561378,-0.008338530673552124,-0.009098985571038661
2017-02-06,-0.007765535167425589,-0.01685717276,-0.00819056371319341,-0.009045383135743098,-0.008847878064616852,-0.008643402759305974,-0.00896031527490954
2017-02-07,-0.0075671805067071655,-0.01683560346,-0.007862326822093044,-0.00872281370630153,-0.008839323509927432,-0.008724858847795646,-0.0091124393352104
2017-02-08,-0.007340922661425847,-0.01683560346,-0.007818902262073563,-0.008656862984908434,-0.008605184194542558,-0.00831149628035674,-0.008949238246273424
2017-02-09,-0.007243346507170545,-0.01683560346,-0.0075419371890999235,-0.008361018645967016,-0.00839083637174258,-0.007955873540854108,-0.008811043700504964
2017-02-10,-0.007326506850222753,-0.01683560346,-0.007564204418115744,-0.008369456175755975,-0.00826256320297139,-0.007818602577142316,-0.008665102274570912
2017-02-13,-0.007211837067809277,-0.01683560346,-0.007688656076375908,-0.008496654009725685,-0.008326325349217888,-0.007981428073582597,-0.008542843399810124
2017-02-14,-0.007041838915926844,-0.01683560346,-0.007490373192345583,-0.00828607477285372,-0.008184858500208596,-0.007799975285887113,-0.008415318518199086
2017-02-15,-0.007750932725770747,-0.01683560346,-0.0072869875067077166,-0.008066788087706384,-0.008004240895476454,-0.007478295785670067,-0.008294509576164597
2017-02-16,-0.007646352629591284,-0.01683560346,-0.008214598841069206,-0.009063687024091785,-0.008782128439050364,-0.00833393730725414,-0.008252599908580323
2017-02-17,-0.008646619609288907,-0.01683560346,-0.007884326641983888,-0.008719682332492422,-0.008625207184269254,-0.008181747885549335,-0.008145566543063955
2017-02-21,-0.008910471287359334,-0.01683560346,-0.009120178375902703,-0.010053781508984214,-0.009731537352167738,-0.009311128623098896,-0.008147221683301464
2017-02-22,-0.008646355967927781,-0.01683560346,-0.00920262708384616,-0.01015457199771299,-0.009940911533376342,-0.009722668202654466,-0.008092254239544077
2017-02-23,-0.008563390057837955,-0.01683560346,-0.008627163009382014,-0.00954936752229313,-0.009624663383832138,-0.009293098232102035,-0.008032427980143045
2017-02-24,-0.00884930863540409,-0.01683560346,-0.00865250358364807,-0.00955964891209571,-0.00945783142793761,-0.009198633875212687,-0.007951372231656059
2017-02-27,-0.008924302352059117,-0.01683560346,-0.008999259896495276,-0.00992702074533558,-0.009718505635870865,-0.009633053921259016,-0.007919438712182475
2017-02-28,-0.00865243441436624,-0.01683560346,-0.008748780562408888,-0.00969848973455859,-0.009955574983192104,-0.010045696909185713,-0.008774033845177494
2017-03-01,-0.010224472724761862,-0.01683560346,-0.008636677225502815,-0.009556054371125899,-0.00961139743076858,-0.009454630304144633,-0.008629132069691788
2017-03-02,-0.009913578918626922,-0.01683560346,-0.010764758273794122,-0.011845551245380814,-0.011429824557805305,-0.011096657655054125,-0.0087010396260723
2017-03-03,-0.009627779822549242,-0.01677994856,-0.009917995840357529,-0.010963146872090889,-0.010991675508280167,-0.010380766027135349,-0.008639893305656727
2017-03-06,-0.0095188861126512,-0.01677994856,-0.009551870655152936,-0.010558217970392417,-0.010551456487587152,-0.009730356170935745,-0.008478123952066754
2017-03-07,-0.009483690158875862,-0.01677994856,-0.009288862668266453,-0.010290540869437061,-0.010485262805760526,-0.009895695868303338,-0.008900312889598652
2017-03-08,-0.009467032255245828,-0.01677994856,-0.009303354166772871,-0.010309075659173198,-0.010526193058442873,-0.010177295121636966,-0.009438165445156488
2017-03-09,-0.009194886739459814,-0.01677994856,-0.009350718639416153,-0.010363439108592578,-0.010588422370485358,-0.010457047723743937,-0.009940067772600402
2017-03-10,-0.009141750900904726,-0.01677994856,-0.009168185402848509,-0.010150044864134941,-0.010235851691542302,-0.010037826388321009,-0.00975592372967598
2017-03-13,-0.008872276815777574,-0.01677994856,-0.009230615439419929,-0.010197742967707693,-0.010078086211585265,-0.009993749994916881,-0.009550802941548336
2017-03-14,-0.008866468164415546,-0.01677994856,-0.008727479701569296,-0.009665422442798274,-0.009747697002012022,-0.009553809005808456,-0.00937331458959714
2017-03-15,-0.009335558560081923,-0.01677994856,-0.008688742953577942,-0.009636799547740762,-0.009862676907625358,-0.009843382284229617,-0.009824955739974483
2017-03-16,-0.00934353856746823,-0.01677994856,-0.009597660885774587,-0.010584601713914624,-0.010322474551924388,-0.010467058044864305,-0.00965777475014412
2017-03-17,-0.009063266081324961,-0.01677994856,-0.0091931062705881,-0.01018975660394773,-0.010429333763703254,-0.010743782218960905,-0.010164106053042136
2017-03-20,-0.008966302574477551,-0.01677994856,-0.009044993749943532,-0.010005964989096148,-0.010061839088070932,-0.0101996838067081,-0.009936631190797327
2017-03-21,-0.009423674386385295,-0.01677994856,-0.008902866056478952,-0.009857018246979373,-0.010021837520616002,-0.010286533205572946,-0.010145881358069504
2017-03-22,-0.009149875574193231,-0.01677994856,-0.009408721262553824,-0.010431226223801614,-0.010767672394422664,-0.011130260663018577,-0.011454094362785236
2017-03-23,-0.008871272392678358,-0.01677994856,-0.009382744132639358,-0.010368501666471922,-0.010353817236685122,-0.010406916912863334,-0.011117423095770579
2017-03-24,-0.008618823830028478,-0.01677994856,-0.008992070119409942,-0.009943763727085454,-0.009975292638787372,-0.009803483081647473,-0.010805074843944605
2017-03-27,-0.008396535743742434,-0.01677994856,-0.008674002526409116,-0.009599495718253569,-0.009673370502716341,-0.00943981737473558,-0.01056938771915085
2017-03-28,-0.008266302324405788,-0.01677994856,-0.008441468703041749,-0.009345201806394782,-0.009437084971609925,-0.009208596615977291,-0.010400393436767429
2017-03-29,-0.008223853196593531,-0.01677994856,-0.008447918573258242,-0.009329971546866885,-0.009223140685564207,-0.009001958005055478,-0.010135536927734884
2017-03-30,-0.008044028832255017,-0.01677994856,-0.008232591200140731,-0.009120793469613052,-0.009292190520543402,-0.009210919245185464,-0.01034888776709035
2017-03-31,-0.007907477730434403,-0.01677994856,-0.008158552490826908,-0.00903355714546859,-0.009142788512533298,-0.00909703207993797,-0.010264394050080429
2017-04-03,-0.007675653101329241,-0.01677994856,-0.008066717367725181,-0.008933915538964207,-0.009059628571334449,-0.009080930287540395,-0.010254056431930433
2017-04-04,-0.007489747805957407,-0.01677994856,-0.007956092653406374,-0.008796195123775134,-0.008773496701537473,-0.008479422798398367,-0.009993675505271
2017-04-05,-0.007266042824066241,-0.01677994856,-0.007778273193048263,-0.008596675007612358,-0.008532095994455938,-0.00809509714187638,-0.009754263135558569
2017-04-06,-0.007169194446982962,-0.01677994856,-0.007484846140223721,-0.008283929206630975,-0.008312643748877403,-0.007738387194587348,-0.009548920319409349
2017-04-07,-0.007058153994970976,-0.01677994856,-0.007501171296963003,-0.008288480924425428,-0.008180554362497606,-0.007599982587745735,-0.009341059810618467
2017-04-10,-0.006846302083969966,-0.01677994856,-0.0073658428895766,-0.008140556828843848,-0.00804287192427744,-0.007433580158055023,-0.009145354177330596
2017-04-11,-0.006674410067780427,-0.01677994856,-0.007077101100165933,-0.007825340658886027,-0.007840626303671293,-0.0069600407792793405,-0.008954348029498125
2017-04-12,-0.0066517968164414906,-0.01673975612,-0.006920806127930996,-0.0076746425801235245,-0.007750204052028929,-0.0068769934754013854,-0.008880875958626295
2017-04-13,-0.006792466010552869,-0.01673975612,-0.006986353513360534,-0.007754128203029993,-0.00790066228227616,-0.007153155534879512,-0.009098070145310005
2017-04-17,-0.006585540132308439,-0.01673975612,-0.0072631961256842585,-0.008063824523688775,-0.008269175706378936,-0.007665107655941186,-0.009589546191182685
2017-04-18,-0.006888698561197177,-0.01673975612,-0.0072414576880151255,-0.008022040486876643,-0.008050227531410664,-0.0072449894906119585,-0.009370157275024917
2017-04-19,-0.006679090591766695,-0.01673975612,-0.0076970401446485,-0.0085027610257826,-0.008332094418446232,-0.007688594011232949,-0.009204739965831358
2017-04-20,-0.00653322522586561,-0.01673975612,-0.007282956451228216,-0.008068709344211184,-0.008103988675099897,-0.007243497040142531,-0.009012619919438188
2017-04-21,-0.0063346849441896155,-0.01673975612,-0.007139003760204623,-0.007915782078620459,-0.00801850577017766,-0.00720466344257512,-0.008973348367218395
2017-04-24,-0.006288123661543349,-0.01673975612,-0.0070332347840026295,-0.007791956100128267,-0.00781619075925099,-0.006788806950809168,-0.008795546421444998
2017-04-25,-0.006245442903817097,-0.01673975612,-0.006988810079570483,-0.007753897636779454,-0.007891046076429244,-0.006988424895098083,-0.008937907784108742
2017-04-26,-0.006213636434013037,-0.01673975612,-0.0071439438319994015,-0.007897844463187056,-0.007803116019266798,-0.006933128052287454,-0.008771716373256662
2017-04-27,-0.006245087988373453,-0.016724264540000002,-0.007092406174664409,-0.007842694163195253,-0.007732603776967954,-0.00689937409239822,-0.008618413126926865
2017-04-28,-0.008197877029646191,-0.016724264540000002,-0.0070074964820713865,-0.007774606286194713,-0.00791810223455512,-0.007216090233012928,-0.008912797372781339
2017-05-01,-0.00825116022620928,-0.016724264540000002,-0.009534625989559422,-0.01049208721216519,-0.010057610585408843,-0.00905753301287075,-0.008955370971650372
2017-05-02,-0.008027792880511522,-0.016724264540000002,-0.008983640305790604,-0.009951276591764988,-0.010160225877589293,-0.009429113811117596,-0.00951322056743155
2017-05-03,-0.007823460162787949,-0.016724264540000002,-0.008822418383535176,-0.009762258828785344,-0.009841375059636136,-0.009126267653868085,-0.009384953452222912
2017-05-04,-0.007700101803574042,-0.016724264540000002,-0.008575517368313005,-0.009488836134177298,-0.00957005174275676,-0.008899200751199952,-0.009296239228141226
2017-05-05,-0.007826712532390628,-0.016724264540000002,-0.008417383196793032,-0.009319488392380493,-0.009440920760726251,-0.008906892313394572,-0.009378060998723252
2017-05-08,-0.007726770175484121,-0.016708968220000002,-0.008750649062751538,-0.00965751476285066,-0.009454218558998225,-0.009103745445295328,-0.009211721639085903
2017-05-09,-0.007588973244954012,-0.016708968220000002,-0.008457568783162046,-0.009344293812768053,-0.009227723551787331,-0.008903971888623739,-0.009022993366992641
2017-05-10,-0.007408580343265305,-0.016708968220000002,-0.00813145930622974,-0.009006707897970626,-0.009104280954052734,-0.008865444939481366,-0.009090470953220612
2017-05-11,-0.007214779531043411,-0.016708968220000002,-0.007989184116591556,-0.00884779762397785,-0.008915448061860409,-0.008687224826582227,-0.009041592808554528
2017-05-12,-0.007099449742588385,-0.016708968220000002,-0.007865068521709005,-0.008699283194240114,-0.008639769292077902,-0.008217800331384539,-0.008858158938311097
2017-05-15,-0.006975075265419665,-0.016708968220000002,-0.007741864735936965,-0.00855744668298149,-0.008448429564912723,-0.007998892956569923,-0.008693750779485606
2017-05-16,-0.006927941050935043,-0.016708968220000002,-0.007495303187450937,-0.00830576518496767,-0.00838625845286527,-0.008003581078688638,-0.008764774815717358
2017-05-17,-0.006799351425214469,-0.016708968220000002,-0.00760375408158576,-0.008404556843044367,-0.00827578065832243,-0.007920552969954654,-0.008613657674895485
2017-05-18,-0.007394947666291095,-0.016708968220000002,-0.0073356839557224655,-0.00813100459901015,-0.008212916567288548,-0.007901591015710075,-0.008667392536872412
2017-05-19,-0.007203173498221654,-0.016708968220000002,-0.007991632926333625,-0.0088724017773611,-0.009158741064010299,-0.008884182194345355,-0.010086038713146039
2017-05-22,-0.007338252075994973,-0.016708968220000002,-0.00800500567956277,-0.008865604842073228,-0.00893804899084882,-0.008641557560614193,-0.009916217737340955
2017-05-23,-0.007406487573492857,-0.016708968220000002,-0.008280944187158253,-0.00914465814743399,-0.008972997964246124,-0.008812634078211225,-0.0096911002446677
2017-05-24,-0.007500735403647866,-0.016708968220000002,-0.008219534388524387,-0.009080654662642355,-0.008948910099494554,-0.008894772560972784,-0.009481963991958381
2017-05-25,-0.007909547344116858,-0.016708968220000002,-0.00823658201832889,-0.009098034214450117,-0.008952266234518598,-0.009004834045617896,-0.009287782775700451
2017-05-26,-0.00844120597737543,-0.016708968220000002,-0.00873857238515172,-0.00963238522999963,-0.00931782470611686,-0.009501130590558184,-0.009136651898852769
2017-05-30,-0.008193703362581448,-0.016708968220000002,-0.009132684041538067,-0.010071403800082243,-0.009824586337347665,-0.010133945254267376,-0.00901273568101118
2017-05-31,-0.00812065560076709,-0.016708968220000002,-0.008543544291293406,-0.00944747675093587,-0.009456373838496276,-0.009433706226525403,-0.008832159707858403
2017-06-01,-0.007981667726940101,-0.016708968220000002,-0.008488260744545825,-0.009375220496303358,-0.009273525693858198,-0.009296451839554421,-0.008676273455104128
2017-06-02,-0.008535605964705222,-0.016708968220000002,-0.008236841747319373,-0.009103127382710524,-0.00903690399880783,-0.009023340112286511,-0.00852763008416891
2017-06-05,-0.008277249131081896,-0.016708968220000002,-0.008954424799061448,-0.009871694141226373,-0.009621239159887229,-0.009728870359428191,-0.00845520999411583
2017-06-06,-0.008268389041866641,-0.016708968220000002,-0.008357293490433413,-0.009242334816279828,-0.009271715497765272,-0.009073122122058843,-0.008315337087674655
2017-06-07,-0.008278072523076486,-0.016708968220000002,-0.008287885974648992,-0.009180092541694499,-0.009381393075584417,-0.009341182245411297,-0.008823234908281023
2017-06-08,-0.008273391016276412,-0.016708968220000002,-0.00839588330683168,-0.009300108570115437,-0.00950626347537772,-0.009617055897830714,-0.009297638457511604
2017-06-09,-0.008029653390566455,-0.016708968220000002,-0.00863735157044832,-0.009532503361997865,-0.00940127247375921,-0.009597419582482149,-0.009114003072220971
2017-06-12,-0.007945393767090742,-0.016708968220000002,-0.008171794311672398,-0.009041547427425444,-0.009108696546427682,-0.009161936057479763,-0.00896445749533293
2017-06-13,-0.007820507994303253,-0.016678992360000002,-0.00817893601857553,-0.009043110822685864,-0.008937149761882078,-0.00900746142498956,-0.008798292463737029
2017-06-14,-0.007602117002265665,-0.016678992360000002,-0.007876573633615958,-0.008735335635395728,-0.008878758897069827,-0.009015623699181168,-0.008938393448685392
2017-06-15,-0.007392180262618941,-0.016678992360000002,-0.007745347633568525,-0.00858322830177443,-0.008654838587645779,-0.008700787167204438,-0.008831630755868665
2017-06-16,-0.007169136012021809,-0.016678992360000002,-0.007601887445411583,-0.008415806528254539,-0.008392928848588789,-0.008188282691534272,-0.008666744052150092
2017-06-19,-0.006950827168457033,-0.016678992360000002,-0.007328360627571237,-0.00812111548640062,-0.008168169442064473,-0.007795634618024917,-0.008532010772665154
2017-06-20,-0.007222267512570545,-0.016678992360000002,-0.007134741583521065,-0.007906560226334533,-0.007948583571019267,-0.007352023249601403,-0.00839339000418752
2017-06-21,-0.007385734691967161,-0.016678992360000002,-0.007600664607433586,-0.008397746013945814,-0.008230742890498077,-0.007777328356858446,-0.008292183461496482
2017-06-22,-0.007621718914617293,-0.016678992360000002,-0.007549290635237281,-0.00838137857093239,-0.008629925634369187,-0.008316147967156724,-0.009014539964900717
2017-06-23,-0.007400026078012297,-0.016678992360000002,-0.00794228631064208,-0.008816536003153063,-0.009090477600902348,-0.00891829681436045,-0.00978970697786445
2017-06-26,-0.007178678283014694,-0.016678992360000002,-0.007926987021073199,-0.008771710347897928,-0.00878382567590677,-0.008322387007116254,-0.009554094705103183
2017-06-27,-0.007019648812795342,-0.01667253354,-0.007671980507904542,-0.00848895773200155,-0.008500775718935599,-0.007754630033172935,-0.009333602187368204
2017-06-28,-0.008018193091382481,-0.01667253354,-0.007518613664363559,-0.00831583718007248,-0.008278087703577975,-0.007455179959387596,-0.009134116827062257
2017-06-29,-0.007822323211558778,-0.01667253354,-0.008434585298007025,-0.009365229240190514,-0.009791044925090147,-0.008906846254017647,-0.011196285848382656
2017-06-30,-0.00849211409019485,-0.01667253354,-0.008560787686299023,-0.009461483328737835,-0.00945078492251213,-0.008497350833082682,-0.010860915810397184
2017-07-03,-0.008296626721114309,-0.01667253354,-0.009046198037571658,-0.010033470880517951,-0.01042416146382858,-0.009628099734442766,-0.012178195822041145
2017-07-05,-0.008093061747562268,-0.01667253354,-0.009117936566088029,-0.010071606678611978,-0.010043602706882801,-0.009214369569162311,-0.0117789113721684
2017-07-06,-0.007930610776767528,-0.01667253354,-0.008773987812175286,-0.009695861264953117,-0.009683741472711595,-0.008785816711209,-0.011409030969712856
2017-07-07,-0.008318277266421648,-0.01667253354,-0.008423473405582657,-0.009329294188892839,-0.009494193140627336,-0.00872881964659218,-0.011244058526632357
2017-07-10,-0.008219805458917815,-0.01667253354,-0.008786521978595044,-0.009746977316516572,-0.010090001931156655,-0.009542878189687048,-0.012030333824601423
2017-07-11,-0.007972127263707442,-0.01667253354,-0.008966443347824097,-0.009902256688844679,-0.00983003679909289,-0.009355311271118279,-0.011655086739582555
2017-07-12,-0.007897000356135542,-0.01667253354,-0.00849259629694164,-0.00939798834884692,-0.00948589748376283,-0.008890381392735352,-0.0113167441611241
2017-07-13,-0.008096260222123144,-0.01667253354,-0.008330763422719078,-0.009232825046591616,-0.00944017379459092,-0.009011419522004332,-0.011308998830889925
2017-07-14,-0.007849645063824929,-0.01667253354,-0.008785392964044328,-0.009696408731470227,-0.009542946428757727,-0.009307546812526775,-0.010997950502301793
2017-07-17,-0.007825350403445638,-0.01667253354,-0.008257339421081523,-0.009138297466206423,-0.009206531779259425,-0.008744521187621422,-0.010690793309986096
2017-07-18,-0.007589405007408772,-0.01667253354,-0.008304318363216823,-0.009172588639635076,-0.009084329635233418,-0.00871933052029701,-0.010408977239559929
2017-07-19,-0.0074413984777435644,-0.01667253354,-0.007866607633139865,-0.008708914029529318,-0.008803532196789799,-0.008303227112482867,-0.010154766669067386
2017-07-20,-0.007248255698785576,-0.01667253354,-0.007682345188076386,-0.008515484553868356,-0.008692207191851398,-0.008268403668409018,-0.01008522531574979
2017-07-21,-0.0072248637856187565,-0.01667253354,-0.0076071630319063475,-0.008416869692732509,-0.008433860839834176,-0.007852302494843326,-0.00983722739708515
2017-07-24,-0.007164057591627223,-0.01667253354,-0.007618223732572203,-0.008420701536015682,-0.008354580400147606,-0.00785541536050699,-0.009613932827488564
2017-07-25,-0.007278736366022441,-0.01667253354,-0.007495554817670192,-0.008288385973268298,-0.008243015523586921,-0.007788469297356038,-0.009405189302188116
2017-07-26,-0.007142257459728072,-0.01667253354,-0.007457918750753453,-0.008279451689568253,-0.008555347363634808,-0.00824179720662489,-0.009850683546344366
2017-07-27,-0.006927934890935192,-0.01667253354,-0.007553521692696186,-0.008357365575757541,-0.008352754709205757,-0.007984783604994753,-0.009623516581215703
2017-07-28,-0.007275566091658101,-0.01667253354,-0.007254492058216273,-0.008037080444447165,-0.008109669864428163,-0.007456226912872698,-0.009409179753577685
2017-07-31,-0.007055791621283203,-0.01667253354,-0.007793015451222388,-0.0086058828596294,-0.008454734594844165,-0.007944665083763597,-0.009232853272394472
2017-08-01,-0.006942256843262362,-0.01667253354,-0.007343281201684583,-0.008130348061511614,-0.008201502458574615,-0.007438607343162745,-0.00903810649346226
2017-08-02,-0.0067671251056156834,-0.016659139740000002,-0.007302378948633486,-0.008071768533157043,-0.008035921636270224,-0.007269002552855652,-0.008818100408031496
2017-08-03,-0.0071077616876934775,-0.016659139740000002,-0.007023557841973665,-0.007781908363662416,-0.007910648033079525,-0.007154995930426525,-0.008754219753511695
2017-08-04,-0.007079732430071681,-0.016645547440000002,-0.007425063956143663,-0.008241237032722462,-0.008542439850076093,-0.007914179528263537,-0.009608220495661566
2017-08-07,-0.007139762988349768,-0.016645547440000002,-0.007580775581076305,-0.008402945691752112,-0.008603806925584353,-0.008132009903327509,-0.009768694333658925
2017-08-08,-0.0069364664687294525,-0.016645547440000002,-0.007720252195678657,-0.0085557820264536,-0.008778624601165517,-0.008462987005808768,-0.010048951683460289
2017-08-09,-0.006730153639478949,-0.016645547440000002,-0.007648328518666349,-0.008462248653200482,-0.00854366810394059,-0.008147852985399679,-0.00984492073416769
2017-08-10,-0.006528806077055441,-0.016645547440000002,-0.007464458214304082,-0.008255109651167623,-0.00828114654895795,-0.007587468294062116,-0.009617182036370112
2017-08-11,-0.006549568708915801,-0.016645547440000002,-0.007249897008535222,-0.008017884885250674,-0.008041825260418413,-0.0070869754116593695,-0.009397447635053334
2017-08-14,-0.006629713956198919,-0.016645547440000002,-0.007207944441495058,-0.007989248679237095,-0.008184456098755266,-0.007388955815301632,-0.009611095479191057
2017-08-15,-0.006701652876784011,-0.016645547440000002,-0.00735261543970747,-0.008150182821633692,-0.008387792937572398,-0.007756283544661055,-0.009896979128002404
2017-08-16,-0.006536459191274358,-0.016645547440000002,-0.007676251673111652,-0.008468287732812253,-0.008372616256935512,-0.007863096933030009,-0.009667581756282212
2017-08-17,-0.0063955369294064505,-0.016645547440000002,-0.007355797635501155,-0.008126984655890252,-0.008138424215495951,-0.0074862704666213,-0.009447533358658854
2017-08-18,-0.007757966423724747,-0.016645547440000002,-0.00718915748405706,-0.007942285841115919,-0.007938688931357855,-0.007197702598362648,-0.009243924638477617
2017-08-21,-0.007549077029832737,-0.016645547440000002,-0.008391847757036127,-0.009310519753668542,-0.00982278328500563,-0.00885758867645947,-0.011616675434899195
2017-08-22,-0.00755526792060291,-0.016645547440000002,-0.008486773231683018,-0.009379730390745057,-0.009521145197014188,-0.008585706205829153,-0.011337517086776366
2017-08-23,-0.007911732730792457,-0.016645547440000002,-0.008580678378963915,-0.009460359066359768,-0.00938095244498689,-0.008613096132856555,-0.011020737604580704
2017-08-24,-0.007967618004692765,-0.016645547440000002,-0.008927870635575822,-0.009827604475555975,-0.00963341620305727,-0.009101312743013061,-0.010731070033289459
2017-08-25,-0.007774509578883753,-0.016645547440000002,-0.00855402525239296,-0.00946206704473886,-0.009747957771423774,-0.009422865861972201,-0.0110006729611206
2017-08-28,-0.00792839415058809,-0.016645547440000002,-0.0084393476479997,-0.009325965174887364,-0.009492985468898095,-0.009195659019476117,-0.010812493741358353
2017-08-29,-0.007735359822067792,-0.016645547440000002,-0.008780370484108185,-0.009668740769551622,-0.009529599666832799,-0.009409189768467545,-0.010532828156983079
2017-08-30,-0.007514217442669682,-0.016633047579999997,-0.008364112175469403,-0.009222232325695844,-0.009209872645903599,-0.008965546491063514,-0.010163961249729837
2017-08-31,-0.0072861748514290395,-0.016633047579999997,-0.007981616745413627,-0.008815981761207953,-0.008940698546150504,-0.008620059806469358,-0.009954070619690739
2017-09-01,-0.007517190979408937,-0.016633047579999997,-0.007756185268794425,-0.008566295964719781,-0.008658125994840199,-0.00816425259590033,-0.009730229225704027
2017-09-05,-0.007312001348283443,-0.016633047579999997,-0.00816053962458623,-0.008985387722340058,-0.008834210128698334,-0.008511489123423135,-0.00954738353843274
2017-09-06,-0.007370753698551968,-0.016633047579999997,-0.0077210333989362594,-0.008521578756646796,-0.008552548218918769,-0.008036751802769497,-0.009343518110327685
2017-09-07,-0.00717159374547765,-0.016633047579999997,-0.007670494117345017,-0.008489316028560191,-0.008752630248111026,-0.008395858575537011,-0.009721479402669125
2017-09-08,-0.006988145473774335,-0.016633047579999997,-0.007594583067170633,-0.008395393901590081,-0.008540146644059736,-0.008146367587508243,-0.009574189427078566
2017-09-11,-0.007087939344373804,-0.016633047579999997,-0.0074257232100115285,-0.008211363530460893,-0.008363115654308015,-0.007955982021622848,-0.009454640757679161
2017-09-12,-0.008088549816031375,-0.016633047579999997,-0.007711189927882597,-0.008500410224936658,-0.008405374112130567,-0.00812052095362387,-0.009264011747945932
2017-09-13,-0.00786761651793019,-0.016633047579999997,-0.008898075379023623,-0.009781554835299603,-0.009495856811719987,-0.009221181514501879,-0.009118453913803812
2017-09-14,-0.007716017046189601,-0.016633047579999997,-0.008253130922932672,-0.00910803479694118,-0.009161898999172888,-0.008704845304566933,-0.00893674366324799
2017-09-15,-0.007561604620999803,-0.016633047579999997,-0.007952197999744873,-0.00879457459792259,-0.009020051498312249,-0.008652010808773087,-0.00899562634754343
2017-09-18,-0.0073638200382587825,-0.016633047579999997,-0.007926084601789103,-0.008742026222876075,-0.008775705276961131,-0.008365864938674946,-0.008824096401238159
2017-09-19,-0.007145999562786114,-0.016633047579999997,-0.007633934643961292,-0.00842633608592165,-0.008508556241935118,-0.007947002819269581,-0.00866363250545606
2017-09-20,-0.007019220338476306,-0.016633047579999997,-0.007321453541665181,-0.008094310938663042,-0.008275978295499285,-0.007616732576300169,-0.008540319983861335
2017-09-21,-0.0068370284082203015,-0.016633047579999997,-0.007296235627267029,-0.008053950313590174,-0.008098115406464762,-0.007423881995525468,-0.008399687181287106
2017-09-22,-0.007197712493991049,-0.016633047579999997,-0.007065410705550504,-0.007800769228986964,-0.007881432166050091,-0.007059486714012691,-0.008264995060583341
2017-09-25,-0.007020383298658113,-0.016633047579999997,-0.007334742672214701,-0.008128248476005745,-0.008552083288417733,-0.007854094046527297,-0.009313108937945498
2017-09-26,-0.007050671390596585,-0.016633047579999997,-0.0074589757900841705,-0.00823135646464775,-0.008303258665924688,-0.007500681933413101,-0.009112000148116665
2017-09-27,-0.006839221031219239,-0.016633047579999997,-0.007540681388626365,-0.008309663004131992,-0.008274568472071918,-0.007600350530412106,-0.008930819871000244
2017-09-28,-0.006631774008528015,-0.016633047579999997,-0.007138304977520726,-0.007888614707999982,-0.008051655509747778,-0.00726127124354051,-0.008773973715454079
2017-09-29,-0.006848461003851266,-0.016633047579999997,-0.006964083998949633,-0.007694288946995783,-0.007826687822702473,-0.006823673855865775,-0.008609191488815544
2017-10-02,-0.006760489046569168,-0.016633047579999997,-0.007140812583695311,-0.007907704427914226,-0.008274839137695778,-0.007438241296677899,-0.009285349797526385
2017-10-03,-0.006618529523753349,-0.016633047579999997,-0.007363826129120404,-0.008116992031516279,-0.008118069099142644,-0.007315115570741587,-0.009085801616059305
2017-10-04,-0.006569184096884879,-0.016633047579999997,-0.007140699164579503,-0.007877446818011568,-0.007922831424055041,-0.007062209827480742,-0.00889917959531842
2017-10-05,-0.010791645775369273,-0.016633047579999997,-0.006966199320350094,-0.0077075706477586345,-0.007978140710147262,-0.007246883934660516,-0.009041988809636685
2017-10-06,-0.010552098177606608,-0.016633047579999997,-0.012479839734567198,-0.013650954445859407,-0.012967795335027408,-0.010798332903985101,-0.009066795295966714
2017-10-09,-0.010258626238931043,-0.016633047579999997,-0.011269653590307242,-0.012387714426895268,-0.012416144572291187,-0.01042159064223562,-0.008874460097394442
2017-10-10,-0.00996065213720969,-0.016610555479999997,-0.010612490345217468,-0.011692322867997988,-0.011915031901986183,-0.01006053134159537,-0.0088107185486518
2017-10-11,-0.00979174407671506,-0.016610555479999997,-0.010208091875068272,-0.011242305967493382,-0.011424131210384705,-0.009646922578230653,-0.00871128986812262
2017-10-12,-0.00966119560276895,-0.016610555479999997,-0.010077174533681373,-0.011078805858173734,-0.011046450735613623,-0.00947536850964042,-0.00855288819080677
2017-10-13,-0.00941262159346351,-0.016610555479999997,-0.009809874103555084,-0.010785389783448935,-0.010737939458460152,-0.009390235910205227,-0.008410262604631248
2017-10-16,-0.009125909278944688,-0.016610555479999997,-0.009340188078417456,-0.010280416746350093,-0.010327970337285946,-0.008974538760262636,-0.008274864708636507
2017-10-17,-0.008849736514751612,-0.016610555479999997,-0.008872521531738647,-0.009779007961791084,-0.009927953919622746,-0.00846088769526679,-0.008155042560963206
2017-10-18,-0.008581012429173852,-0.016610555479999997,-0.008555998611064113,-0.00942924674421891,-0.0095505759434782,-0.007909243707583884,-0.008039130082416805
2017-10-19,-0.008348831673695224,-0.016610555479999997,-0.008232356343783536,-0.009076588217420935,-0.009208153201673371,-0.007426996114061175,-0.007934931568945544
2017-10-20,-0.008355519062103477,-0.016610555479999997,-0.007931891180760002,-0.008756274047044597,-0.00897027900706051,-0.007297965423637238,-0.007946016892678098
2017-10-23,-0.008166805000693026,-0.016610555479999997,-0.008179731231813186,-0.009001496778350338,-0.008937218136941765,-0.007510534062799573,-0.007854200565425084
2017-10-24,-0.008004077526326658,-0.016610555479999997,-0.007854508100745014,-0.008651659404951918,-0.00868540042548644,-0.0072895152889404105,-0.007761462236856685
2017-10-25,-0.00783311804085223,-0.016610555479999997,-0.007607988547658973,-0.008398365638177873,-0.008596932299020468,-0.007361589828205741,-0.007941657881013638
2017-10-26,-0.007838932460088273,-0.016610555479999997,-0.007575531191311706,-0.008347499639562984,-0.008380039170593103,-0.007162962026089129,-0.00784353546314866
2017-10-27,-0.008254754558660805,-0.016610555479999997,-0.007447117354078628,-0.008235919506331547,-0.008572972802472403,-0.0075683329335949215,-0.008389387621308097
2017-10-30,-0.008012301045970479,-0.016610555479999997,-0.008393298814192353,-0.009221810460940378,-0.009038273111962529,-0.008247122253031423,-0.008269564129950405
2017-10-31,-0.008692507839317874,-0.016610555479999997,-0.007823908920159963,-0.008626253472380548,-0.00873231913329523,-0.007715497643321001,-0.008146306083760225
2017-11-01,-0.008620445464937653,-0.0165876322,-0.008430361891016399,-0.009338312375465766,-0.00987936191684613,-0.008941898044302711,-0.010148086140179403
2017-11-02,-0.008472337811661497,-0.0165876322,-0.008630053572262793,-0.00953225520914344,-0.009844478410483097,-0.009134967266093079,-0.01033574106795518
2017-11-03,-0.008545287652917899,-0.0165876322,-0.008695178601400008,-0.00957326551512849,-0.009567411254093428,-0.008918936707816202,-0.01006735714609613
2017-11-06,-0.008327906379655048,-0.0165876322,-0.008785869767695255,-0.0096612494416809,-0.009554393799377389,-0.0091083692575543,-0.009818915629258239
2017-11-07,-0.008074571377940725,-0.0165876322,-0.008248315207401697,-0.009099570324945285,-0.00930873023512063,-0.008896129553818192,-0.009702868938146036
2017-11-08,-0.007846672610362983,-0.0165876322,-0.008033562631032005,-0.008858280394028502,-0.008992710998194061,-0.00840678046700673,-0.009485925291872763
2017-11-09,-0.0081926141324209,-0.0165876322,-0.007830284011735267,-0.008627986674156206,-0.008695385696360962,-0.007920853377875434,-0.00927455917486276
2017-11-10,-0.008150302991771718,-0.0165876322,-0.008403146378032852,-0.009231125271813315,-0.009057004395426588,-0.008485000545099625,-0.00908677670949954
2017-11-13,-0.008086040014970361,-0.0165876322,-0.007958479659004243,-0.008791842367224882,-0.009122501698357138,-0.008724588152847719,-0.009404549485867355
2017-11-14,-0.007846392169321367,-0.0165876322,-0.00818689552076984,-0.009008143278761335,-0.008978160961991609,-0.008672875410514518,-0.009200915439765443
2017-11-15,-0.007992430032047125,-0.0165876322,-0.007774593558702058,-0.008569233410149991,-0.008676485438829533,-0.00808677235791412,-0.00900935003780267
2017-11-16,-0.007952593345749546,-0.016575018000000004,-0.007826627006999744,-0.008651486847133075,-0.009036760273558956,-0.008620864602097466,-0.009682272163884835
2017-11-17,-0.007717745110186635,-0.016575018000000004,-0.008174623087312524,-0.008985891088128594,-0.008916517090413394,-0.008602973576615491,-0.009456242705583588
2017-11-20,-0.007525086460395859,-0.0165468499,-0.007718032130215455,-0.008510811827463228,-0.008649751513326838,-0.008233317028011344,-0.00927882807300004
2017-11-21,-0.007369180697804444,-0.0165468499,-0.007621784266486997,-0.008389613668060934,-0.008394454884526809,-0.007860007799717066,-0.009075821663938131
2017-11-22,-0.007144902666829618,-0.0165468499,-0.007457268357669026,-0.008208021005775518,-0.008189630531436856,-0.007609821823282547,-0.008889707252630885
2017-11-24,-0.006991767570734782,-0.0165468499,-0.007133403130242729,-0.00786470696171368,-0.007959067766559642,-0.007175216329144164,-0.008719541816557414
2017-11-27,-0.006784569871556332,-0.0165468499,-0.0070738791881421095,-0.007788545754507828,-0.007779844091946402,-0.006941476794118069,-0.008555838417335353
2017-11-28,-0.007853923842512177,-0.0165468499,-0.006824365547650658,-0.007519510168097853,-0.007574431730672824,-0.006468639062200554,-0.008399341901104838
2017-11-29,-0.008229011179129567,-0.0165468499,-0.008410727987306752,-0.009211284932636527,-0.008844193892278258,-0.0077172939921301255,-0.008302992742630848
2017-11-30,-0.008836534481304609,-0.0165468499,-0.008612689295648427,-0.009444185152540165,-0.009214521295232111,-0.0083244345972638,-0.00819075855100346
2017-12-01,-0.008589788953938287,-0.0165468499,-0.009267348881825059,-0.010150605725490244,-0.009858293704060866,-0.00916762829664515,-0.008101269513746602
2017-12-04,-0.008492112547607266,-0.0165468499,-0.008582814436995123,-0.009435358877564741,-0.009489007363619116,-0.00864623788808277,-0.00798152634884252
2017-12-05,-0.008893282571752908,-0.0165468499,-0.008515900348767655,-0.00934853688713874,-0.009285828978271734,-0.00856422809642144,-0.007885580721890063
2017-12-06,-0.00862247732820375,-0.0165468499,-0.008637518591022846,-0.009532251433739184,-0.010010765123165852,-0.009462138161953832,-0.00946534041425645
2017-12-07,-0.008426433758578258,-0.0165468499,-0.008648784445413707,-0.009511355820472222,-0.009623938924048718,-0.00887975513389955,-0.00924576799786928
2017-12-08,-0.008817240714068007,-0.0165468499,-0.008333340373162239,-0.009178911958006125,-0.009414238139990785,-0.008777894822101248,-0.009236656704477745
2017-12-11,-0.008548730722439439,-0.0165468499,-0.009130693545795364,-0.01000750529206282,-0.009787595022690134,-0.009369956067069713,-0.009048260200177016
2017-12-12,-0.008306990300146156,-0.0165468499,-0.008446779763631508,-0.009291935904687808,-0.00942320475751997,-0.008829188639921007,-0.008867658330538099
2017-12-13,-0.008058373449886948,-0.0165468499,-0.008134035139192388,-0.008956278403796671,-0.009140841304411635,-0.008532663773892517,-0.008763951705891683
2017-12-14,-0.007822121926121793,-0.0165468499,-0.007924082310371268,-0.008719939100176733,-0.00882498989498195,-0.00794963265937504,-0.00860245004488597
2017-12-15,-0.00863374570979864,-0.0165468499,-0.007622383250516056,-0.008397685172294542,-0.008572188221286662,-0.007656532616145846,-0.00849164389645003
2017-12-18,-0.008618265893863011,-0.0165468499,-0.00894969761848413,-0.009803589691440944,-0.009511376415638697,-0.008708115478171147,-0.008361426434550142
2017-12-19,-0.00842482301035974,-0.0165468499,-0.008627309215798072,-0.00947178664784651,-0.00940397900462064,-0.008779667454828475,-0.008229456695676355
2017-12-20,-0.00816859488323595,-0.0165468499,-0.008118699433637837,-0.008948029417278191,-0.009215855140548498,-0.008689888528227649,-0.008321657213608365
2017-12-21,-0.007924034652849887,-0.0165468499,-0.007935979079974995,-0.00873932226356235,-0.008905087501843871,-0.008226302428701284,-0.008201898833415516
2017-12-22,-0.007746612617465718,-0.0165468499,-0.007679863001520123,-0.00845767469947929,-0.008631236241409648,-0.007865329628215543,-0.008105846420786145
2017-12-26,-0.007513244219842439,-0.0165468499,-0.007594795656157507,-0.00835330475576254,-0.008396088771479869,-0.007592718407592101,-0.007990366392532484
2017-12-27,-0.007307658660810262,-0.0165468499,-0.007278557215524284,-0.008014899311106377,-0.00813776738981266,-0.0071073538675206814,-0.007882638037531454
2017-12-28,-0.007160064167856009,-0.0165468499,-0.007104416339698105,-0.007821916659515829,-0.007909584416229855,-0.00673867816077863,-0.007783835272820735
2017-12-29,-0.006958768280457124,-0.0165468499,-0.006889781508540513,-0.007602893514422618,-0.007858818809827821,-0.006797761220458958,-0.007902532768504595
2018-01-02,-0.006891545475570993,-0.0165468499,-0.006820275693228986,-0.007517221492250192,-0.007703543826189147,-0.0066342070883918455,-0.00786180902047684
2018-01-03,-0.006849170985600904,-0.0165468499,-0.006939918650504006,-0.007630241475023465,-0.007620835700042888,-0.006618524751847055,-0.007763469864693633
2018-01-04,-0.007252464022564756,-0.0165468499,-0.006740707863951515,-0.0074418556793332345,-0.007743170699219914,-0.006891381302563812,-0.008078138314547387
2018-01-05,-0.007122525297999703,-0.0165468499,-0.007607835721916424,-0.008344204309506631,-0.008180178885258408,-0.007473259569856947,-0.007969962875218279
2018-01-08,-0.007050085757038142,-0.0165468499,-0.007254247369232316,-0.007975939411513807,-0.008001874599864362,-0.007284931820550895,-0.007862718539849054
2018-01-09,-0.006845375144590413,-0.0165468499,-0.007178619267375426,-0.00789128928167537,-0.007891790807213604,-0.0072230569212500635,-0.0077639932545135095
2018-01-10,-0.00718122975296288,-0.0165468499,-0.0068746144702593135,-0.007568328721532052,-0.007672999025072989,-0.006761239486364866,-0.007670585831313762
2018-01-11,-0.007280572743102461,-0.0165468499,-0.007150020851421753,-0.007896109119120065,-0.008347431662158684,-0.007572051683338341,-0.008773197574065923
2018-01-12,-0.007072945234284044,-0.0165468499,-0.00769737234825034,-0.008446331189843686,-0.00838725362992631,-0.007756036708044995,-0.00860608127308133
2018-01-16,-0.006901258201628065,-0.0165468499,-0.007287252879835059,-0.008012918008004426,-0.00812395992821193,-0.0072796084947622085,-0.008448839485493518
2018-01-17,-0.007755379399217149,-0.0165468499,-0.007040882815996501,-0.007755056236817801,-0.007990223171266457,-0.007191362327762136,-0.008424881514091601
2018-01-18,-0.007583838098339451,-0.0165468499,-0.008382369026718801,-0.009173315526911219,-0.008925181841505684,-0.008198752989690769,-0.008296456084293405
2018-01-19,-0.007746014463739006,-0.0165468499,-0.007716442456821519,-0.008493241383516653,-0.008757684160502353,-0.008120502969887252,-0.0083486009421987
2018-01-22,-0.008286777212522469,-0.0165468499,-0.008164434044026078,-0.008947924860582643,-0.008852521547398089,-0.008398542442994305,-0.008216633262625646
2018-01-23,-0.00806801925897832,-0.0165468499,-0.00876361349936499,-0.009591775027480052,-0.009396594871434797,-0.009103296454379128,-0.008102761581853619
2018-01-24,-0.007921022287637013,-0.0165468499,-0.00807872297285357,-0.008886563094895158,-0.009138641640941142,-0.008852352533417587,-0.008103203911559423
2018-01-25,-0.007754897539410724,-0.0165468499,-0.008065960012430519,-0.008850892222043662,-0.00888745420881676,-0.00859233219571175,-0.007985310588010577
2018-01-26,-0.007519745383319062,-0.0165468499,-0.007826003629251501,-0.00858657212971401,-0.00863313710276251,-0.008285511303762996,-0.007873987082506067
2018-01-29,-0.0076756312920121935,-0.0165468499,-0.007450999769934737,-0.008189605755085063,-0.008366807526416085,-0.007867355835316479,-0.007787102774263567
2018-01-30,-0.007965122087389967,-0.016478238719999996,-0.007540145376268033,-0.008334920496707829,-0.008741097238436846,-0.008395956078384743,-0.008604900006586235
2018-01-31,-0.008048307666348335,-0.01629452126,-0.00789550421658837,-0.008823914950468692,-0.009267089206632589,-0.009061154614294319,-0.009584495116310203
2018-02-01,-0.007828751967066123,-0.01629452126,-0.008149648873364161,-0.009092612530402638,-0.009460042366746933,-0.009425805390307802,-0.010053717214483336
2018-02-02,-0.010180330783422882,-0.01629452126,-0.008066197108665366,-0.008983353791238002,-0.009179551623674632,-0.009106664101257603,-0.009873312597554166
2018-02-05,-0.018220490624706567,-0.016478238719999996,-0.010445395073530862,-0.011532850778768327,-0.0123907262212555,-0.011547592373525822,-0.014307258114738665
2018-02-06,-0.018026700043518334,-0.0165468499,-0.019479245222191053,-0.021405925543748833,-0.0231816136658577,-0.018913609197201784,-0.028040993446271614
2018-02-07,-0.01772614950674489,-0.016478238719999996,-0.020503966226274612,-0.022418845212637428,-0.022189280066557328,-0.01861725183020461,-0.02667833411225063
2018-02-08,-0.021479099862871553,-0.016478238719999996,-0.01898668678564051,-0.020829553322588446,-0.021286199542547953,-0.018342840478971913,-0.025937044357775635
2018-02-09,-0.021914987202474263,-0.0165468499,-0.022552291047143028,-0.024749148626395264,-0.02629016459706896,-0.02296437864864898,-0.0322746415103538
2018-02-12,-0.021700348494177797,-0.0165468499,-0.02448978373239728,-0.02666125002573346,-0.026097813712489183,-0.02365032077788743,-0.030780433904677166
2018-02-13,-0.021080602247983755,-0.0165468499,-0.02328456487365551,-0.0253706929977883,-0.025078996564161203,-0.023209591479360504,-0.029339129124512545
2018-02-14,-0.020865039630504352,-0.0165468499,-0.02136779592949437,-0.023341126224298445,-0.02365837431320947,-0.021783827557276234,-0.028071205956771705
2018-02-15,-0.02115703002718,-0.0165468499,-0.02116360800073336,-0.023065156651850223,-0.02280223385242762,-0.02145573645305475,-0.02678315664473554
2018-02-16,-0.020672910168298694,-0.0165468499,-0.02133699606655904,-0.023223678666395704,-0.022742843705410697,-0.02202908141709828,-0.02556552100209296
2018-02-20,-0.02066303848919321,-0.0165468499,-0.019905157763798212,-0.021688495561749975,-0.021591812620404077,-0.021001138651525152,-0.024402041217290983
2018-02-21,-0.020250690567573976,-0.0165468499,-0.01893560289874945,-0.020713825787961937,-0.021435630957747538,-0.021369243104203177,-0.02469273959635524
2018-02-22,-0.01965989362053589,-0.0165468499,-0.01842552256568158,-0.02013363721935308,-0.02062462690548885,-0.020829586452698168,-0.0240957802333243
2018-02-23,-0.01963252916345783,-0.0165468499,-0.01778716097790332,-0.019393695857688072,-0.019448622490058617,-0.019318976849859136,-0.0230242424704379
2018-02-26,-0.01944566006354414,-0.0165468499,-0.017915486671526336,-0.019500190783408273,-0.019171495106432606,-0.019477897033454004,-0.0220065954483093
2018-02-27,-0.01991289275814695,-0.0165468499,-0.01736466378033767,-0.018909547083178727,-0.018670384771401743,-0.01931271894744383,-0.021040501465181913
2018-02-28,-0.02024087126022956,-0.0165468499,-0.017125135610560248,-0.018742314863509447,-0.01957982492317265,-0.02048289514172682,-0.022610215719175937
2018-03-01,-0.01990855841519201,-0.0165468499,-0.017708778055745163,-0.019381649603656702,-0.020174353695641124,-0.021357361249979324,-0.023728891302859073
2018-03-02,-0.019385445047893593,-0.0165468499,-0.017450580217557646,-0.019076891306884305,-0.019568247562235942,-0.020992386602185317,-0.023328191611157425
2018-03-05,-0.01934740542437382,-0.0165468499,-0.01703714138994366,-0.018581016236344165,-0.018543061868116856,-0.019779019908979782,-0.02229240890933944
2018-03-06,-0.01878024407182361,-0.0165468499,-0.017108144223414695,-0.01863460483391216,-0.018325173033591203,-0.019844168151360256,-0.02131403769465968
2018-03-07,-0.018229673702709837,-0.0165468499,-0.01578879250556198,-0.017233463007263965,-0.017299412169451925,-0.018393541610203998,-0.020376296802497362
2018-03-08,-0.018000564423856967,-0.0165468499,-0.014784264886626857,-0.016154805898061328,-0.016394081955257454,-0.017306855206650394,-0.019554036196635493
2018-03-09,-0.01826969828018858,-0.0165468499,-0.014874656316069802,-0.01620513633688728,-0.01598774986262636,-0.01712902541423149,-0.01872349426709317
2018-03-12,-0.017722196588415062,-0.0165468499,-0.015503782849880304,-0.01686335311404614,-0.016450957032661716,-0.017829566360447763,-0.017945585625138948
2018-03-13,-0.01722512863558567,-0.0165468499,-0.01417230100026102,-0.0154593735562956,-0.015550614496276385,-0.01645301846725636,-0.017191087949329602
2018-03-14,-0.017013268188976995,-0.0165468499,-0.013326086561750005,-0.014557286169176087,-0.014826748834708227,-0.01569139166323275,-0.016611146405929252
2018-03-15,-0.016495189217136393,-0.0165468499,-0.013033698155719246,-0.014261047327883192,-0.014744144031423627,-0.015860507797818526,-0.01680275090862267
2018-03-16,-0.016086689297874157,-0.0165468499,-0.01265611866570042,-0.013821503849143442,-0.01395445806564481,-0.01463911046869697,-0.016100076308068555
2018-03-19,-0.01595489341500307,-0.0165468499,-0.012259302491114902,-0.013376109315470758,-0.013341445362149831,-0.014023800907061696,-0.015433753883015131
2018-03-20,-0.015474525748562777,-0.0165468499,-0.011872631746290918,-0.013000375795478438,-0.013485062974228237,-0.014413362062714619,-0.015813263831684854
2018-03-21,-0.015044054391351345,-0.016477892379999994,-0.011551465981802773,-0.012671076172323823,-0.012827615125278032,-0.01353547100853302,-0.015190023619692928
2018-03-22,-0.015802673219677592,-0.016477892379999994,-0.01101148535381601,-0.012088144446436003,-0.012319024715579588,-0.013019523713422219,-0.01471325606216074
2018-03-23,-0.017303423474049173,-0.016477892379999994,-0.012300614080117029,-0.01354131954009073,-0.014247029390983608,-0.014768130246094743,-0.017215300532729398
2018-03-26,-0.018131164637932996,-0.0165468499,-0.014767843086544,-0.01619501190816278,-0.01715738634553378,-0.017237087819524554,-0.02092997176753261
2018-03-27,-0.01758433240751665,-0.0165468499,-0.01728911627186499,-0.018803481825719035,-0.018247663201274335,-0.018586722389631324,-0.02004037624520716
